subject,test,repetition,g,SD,nTrials
13,1,1,0.217342978134781,19.4148960091142,78
13,1,2,0.0842385720170233,18.9454187657131,78
13,1,3,0.0312827910344169,21.8169404842848,78
13,1,4,0.0633605702854021,20.1221306627752,77
13,1,5,0.00188879861377612,23.8264792161534,77
13,1,6,0.0289292912346259,26.7217588836647,76
13,2,1,0.426642421711563,38.7084036306394,78
13,2,2,0.00509038016097046,33.1010253213332,78
13,2,3,0.0504384426841711,21.1395728214313,72
13,2,4,0.0289178344759385,19.4268717962365,74
13,2,5,0.0839209434349741,23.9578964135402,78
13,2,6,0.0465762840614976,20.3929084009142,75
14,1,1,0.0206182328198058,19.91422849855,80
14,1,2,0.000432900867378277,18.1559812821359,80
14,1,3,0.000227728082271575,19.44902180659,79
14,1,4,2.44366667014866e-05,15.6315906481974,80
14,1,5,0.000793425499111999,19.8701529793785,78
14,1,6,8.59752981245236e-05,18.5953097481821,80
14,2,1,0.0382895607757573,25.669886544773,79
14,2,2,0.00118169910692689,21.5375406535867,80
14,2,3,0.0517074487677699,16.5916609171618,78
14,2,4,0.00178044159514733,14.5935822532159,80
14,2,5,0.0186812626268076,15.3497688296919,80
14,2,6,0.0462013770386039,11.4811556135028,80
15,1,1,0.123679089646966,24.4492811068876,77
15,1,2,0.0247130360336402,20.1456738659636,80
15,1,3,0.0666948691677947,20.5376237630045,80
15,1,4,0.0732690240078942,20.1640038033033,80
15,1,5,0.0405112651339996,20.1577838912231,79
15,1,6,0.0255173554554626,22.3655332259309,80
15,2,1,0.45800493602438,25.0119614349495,80
15,2,2,0.166149817624363,24.6875600546818,80
15,2,3,0.210079266164704,21.6594302345896,79
15,2,4,0.219525415816256,18.3946805988397,79
15,2,5,0.00109255518010399,29.7484271500833,79
15,2,6,0.0442015076443188,25.8628946685917,79
16,1,1,0.173539702873437,24.4014219844846,76
16,1,2,0.137090269134869,19.9001002405912,77
16,1,3,0.0202507351578142,18.764555285202,78
16,1,4,0.0785960594237989,18.9667600414201,79
16,1,5,0.000977050155074898,30.6727409237164,79
16,1,6,0.0314233670842808,22.887628578532,77
16,2,1,0.262939042896869,23.3993487775615,79
16,2,2,0.0256768767149221,22.5780952989364,77
16,2,3,0.051919769930688,20.2721918447372,78
16,2,4,0.00204629278286225,18.5820145258916,78
16,2,5,0.0629455224367437,20.0400610646043,77
16,2,6,0.068939094777179,19.497513089684,77
17,1,1,0.0462158463872228,22.2394119925872,80
17,1,2,0.000345279025108915,23.6324206765923,80
17,1,3,6.02601863404485e-05,18.9071256264828,80
17,1,4,0.000374939652878043,22.7083776545556,80
17,1,5,1.80882267440605e-05,22.7357959491855,80
17,1,6,0.000173445618367086,20.4940330080744,80
17,2,1,0.110243308499058,28.8572851534672,80
17,2,2,0.000241999910182415,20.3064435961498,80
17,2,3,0.000262913840895843,19.3613132688208,80
17,2,4,0.000316926568494394,18.1386604456526,80
17,2,5,1.54992188044689e-05,19.5054011131538,80
17,2,6,0.000439800859494203,19.8233486533216,80
18,1,1,0.000607033426944733,21.8013478283921,80
18,1,2,0.0409091056508479,19.0720526059662,79
18,1,3,0.000275263284517763,17.5820824615091,79
18,1,4,0.000433221268245424,18.2271820299194,79
18,1,5,0.0103501778391455,19.5685277606617,79
18,1,6,0.000213879575794784,15.7164448337902,80
18,2,1,0.175773178918583,24.6947303548859,80
18,2,2,0.022834997897358,23.4330889057931,80
18,2,3,0.0120381175032583,14.1141003330018,79
18,2,4,0.000231873170629629,15.3484922618662,78
18,2,5,0.000100008572980241,17.3477907230955,80
18,2,6,0.0183625059141718,16.7958347091091,79
19,1,1,0.0576479349407314,22.0215158664025,80
19,1,2,0.016459804515866,16.2050649604984,79
19,1,3,0.00109198288406294,17.068231472448,75
19,1,4,0.0225194122820132,15.5215929745734,77
19,1,5,0.0222371632806665,17.0239264938254,80
19,1,6,0.000119539802819312,21.7168543460109,75
19,2,1,0.191501004082978,16.7778770234258,78
19,2,2,0.063452061071389,17.223944954732,77
19,2,3,0.0014170254903129,18.8531770362626,78
19,2,4,0.000317671405919429,14.6842222548477,79
19,2,5,0.000112848096405261,17.873860637455,76
19,2,6,3.13553555971288e-05,16.5523157289,78
20,1,1,0.000240191449553299,18.5385889368426,74
20,1,2,0.0133340056302769,17.7769649414926,75
20,1,3,1.98008870475204e-05,16.5752368830882,75
20,1,4,6.56611881373077e-05,18.5675136422085,77
20,1,5,0.00108932916677295,18.9747736030848,74
20,1,6,0.000571032420774015,15.3881745439801,77
20,2,1,0.212749624036839,20.929000113411,75
20,2,2,0.0746270774469906,16.8482096315018,77
20,2,3,0.0556913381027717,20.3429890367824,76
20,2,4,0.0381521848620003,15.5603787255858,76
20,2,5,0.000972952133444278,16.2111902702196,74
20,2,6,0.0168603283879592,16.6736158334881,76
21,1,1,0.0995432192612394,18.3592405955334,80
21,1,2,0.082339181083553,21.2332608376372,77
21,1,3,0.00143101347357539,15.6499122670044,79
21,1,4,0.000415264415306379,18.7210074398868,80
21,1,5,0.000605225198710448,21.4589229976305,80
21,1,6,0.00167612125082659,19.7608395122659,77
21,2,1,0.0338640615798406,29.718911277721,79
21,2,2,8.77784278976064e-05,19.667834246462,80
21,2,3,2.59378105206456e-06,13.6588406505884,78
21,2,4,0.000117532224493256,14.1991429703656,78
21,2,5,0.000510940259722434,13.4814398477649,78
21,2,6,0.000220058108349942,15.6397811086609,79
22,1,1,0.0335507856549664,20.3594265022884,79
22,1,2,0.000516963278518566,15.4097589698399,77
22,1,3,0.00183301533854768,18.9012812464855,77
22,1,4,0.0197161826187116,15.0155728211535,76
22,1,5,0.013495996864357,15.6733154050598,79
22,1,6,0.000492535951153207,16.5588766409735,79
22,2,1,0.128368797326862,24.2140820585517,79
22,2,2,1.45249698623611e-06,21.659740426876,79
22,2,3,0.000479529111067807,16.2360268607572,79
22,2,4,0.000596297148538672,16.9564869801139,78
22,2,5,0.000152058311986796,14.5201099816869,78
22,2,6,0.0337941236717896,14.6205119413485,80
23,1,1,0.0771838681567659,21.7268419612111,78
23,1,2,0.0725323010651192,19.6635295635517,78
23,1,3,0.019977623445621,20.6573284428071,77
23,1,4,0.089770858608223,19.8696439903146,78
23,1,5,0.0331517186014354,24.2606224910133,79
23,1,6,0.0277425965582834,26.1079634739163,78
23,2,1,0.134509532276788,31.0868999470551,79
23,2,2,0.0291115894538082,19.4534619475411,76
23,2,3,0.000234474767121105,21.9069841531127,76
23,2,4,0.0196247996859184,21.1718166809357,77
23,2,5,0.0473566394905425,19.1857996671243,75
23,2,6,0.000197221766164808,22.283298168244,74
24,1,1,0.196749599303454,18.6981435867802,77
24,1,2,0.0208406106839521,18.434594175222,80
24,1,3,0.0215472094548892,16.5689112244131,79
24,1,4,4.10545886122896e-05,20.6993376470642,80
24,1,5,0.000264462402892022,25.2292689922063,78
24,1,6,0.000206905949705509,19.8994101800139,80
24,2,1,0.131291941729418,23.4867811766722,79
24,2,2,0.000477537069183443,20.2744231749497,78
24,2,3,0.0262930771730509,19.1390963623489,75
24,2,4,0.00034284338999811,20.6012004721931,77
24,2,5,0.000694384387948099,17.1227362458011,79
24,2,6,0.000539504240272574,19.0558572888996,79
25,1,1,0.154160011322711,33.2166857496235,79
25,1,2,8.43421495965811e-05,30.5150519904441,79
25,1,3,0.000449716697027281,26.7286974782532,79
25,1,4,0.00137815735834473,29.3094327985071,80
25,1,5,0.00527254818435607,34.5380182130075,79
25,1,6,0.0812681847780378,27.0930771472472,80
25,2,1,0.146730305592982,34.9529745329272,78
25,2,2,0.0335457205662583,25.760161071013,80
25,2,3,0.0504718763330278,27.5132565844626,80
25,2,4,0.000167456249792832,30.1216644788317,80
25,2,5,2.80482913161267e-05,27.6754363132381,79
25,2,6,0.0255061868997288,31.0454884867375,79
26,1,1,0.000594949041147787,20.1329277763107,79
26,1,2,0.0211157338853121,21.2194448309043,79
26,1,3,0.000466312800516076,19.10598222099,79
26,1,4,0.035155722180471,19.4383738514235,79
26,1,5,0.000280766913636807,22.1495979293176,79
26,1,6,2.65100585335378e-05,21.2659981952894,80
26,2,1,0.161364408753035,27.4095077283737,80
26,2,2,0.00134622561098634,27.7719938467098,79
26,2,3,0.0365461587155294,21.4886241292851,79
26,2,4,0.0284540313707721,18.6620978117101,80
26,2,5,0.000404650602239768,28.5757463601072,78
26,2,6,0.0279178684048419,24.0692622162746,80
27,1,1,0.0351475299404624,19.1953825975563,78
27,1,2,0.0251831081885561,21.3629512121604,80
27,1,3,0.0013443109653884,23.0805905507433,78
27,1,4,0.00103447601074439,23.4586644274199,79
27,1,5,0.0194034978913788,19.7343848398875,80
27,1,6,0.000747205599870603,26.2816862154627,79
27,2,1,0.112800498400009,27.398845159838,79
27,2,2,0.12354240355991,17.694086068836,78
27,2,3,0.0283747295919503,21.2545250775394,79
27,2,4,0.000132038544720788,23.6127368254776,77
27,2,5,0.0222375964960933,20.893243335679,78
27,2,6,2.48094768111097e-05,21.449133054871,79
28,1,1,0.00142913163066066,23.1242218453559,80
28,1,2,0.0193541758698577,17.2124663777632,80
28,1,3,0.0446515620750625,14.4412438277619,80
28,1,4,0.0455985066120408,18.1017935108547,80
28,1,5,0.0233964533332848,20.0188878350943,79
28,1,6,0.00014812187639386,19.4508124100155,80
28,2,1,0.00268884471367671,35.1937926409562,80
28,2,2,0.0385873179638987,17.0589024307915,79
28,2,3,0.000116333627279011,18.1300127951075,80
28,2,4,2.15181000767211e-05,16.754391828939,79
28,2,5,0.015621513375479,16.7051597223455,80
28,2,6,0.00124711175187665,17.2360250639764,78
29,1,1,0.079593608574678,23.5092126913177,79
29,1,2,0.0108752579181709,26.4907638426752,79
29,1,3,0.014399817738263,21.2587564800331,79
29,1,4,0.0424060392339881,18.9304372752855,79
29,1,5,0.107138812154089,20.7552334187918,80
29,1,6,0.0470997055530041,21.9792359469096,79
29,2,1,0.455753005563973,31.8333174487936,80
29,2,2,0.150410678611567,22.9012832518906,80
29,2,3,0.110217451493212,23.402824383614,79
29,2,4,0.0589180017830656,23.8102448099787,79
29,2,5,0.0715656195513573,24.1665276699522,78
29,2,6,0.102293947090908,27.4895634561745,78
30,1,1,0.1655498462028,30.7511630031888,79
30,1,2,0.149066210053436,20.909541348397,80
30,1,3,0.0667540504736228,19.8897025421317,80
30,1,4,0.236051660385833,21.5111718477296,80
30,1,5,0.0953151307009944,23.2722228225457,80
30,1,6,0.0856904907093607,22.2141164209167,80
30,2,1,0.255150673075793,28.2348092137602,80
30,2,2,0.0382699697983895,27.1217880651211,79
30,2,3,6.99319125685724e-05,23.6992429992729,80
30,2,4,0.0801606843576153,27.468596137448,80
30,2,5,0.041898199836313,21.9209421705151,77
30,2,6,0.000358675013058802,25.732301984179,77
31,1,1,0.000104321083828691,14.4962829074192,79
31,1,2,0.000473370963610681,14.4788414892971,80
31,1,3,0.0341602828936795,12.8139285290541,77
31,1,4,0.0134716468799763,15.6397257062671,80
31,1,5,0.000331475639393703,17.5661742130452,79
31,1,6,0.0004615428853044,14.4071568396451,80
31,2,1,0.0281915583936834,17.5831951281257,78
31,2,2,0.000428721974183177,17.6425201292799,79
31,2,3,0.0153123751372911,13.7575101913207,79
31,2,4,0.000589779965830643,13.8680249873094,80
31,2,5,0.000113094449396643,16.3829611011006,80
31,2,6,5.76630297825509e-05,14.1768029480943,80
32,1,1,0.028283714492665,17.9672721788523,80
32,1,2,0.00039809981968898,19.334498357087,80
32,1,3,0.000774081404647055,18.1239573409455,80
32,1,4,0.0441039568206589,13.8168291128449,80
32,1,5,0.0228667099384994,19.7291593787521,80
32,1,6,0.000113422520389603,16.5982741311728,80
32,2,1,0.0568655412800435,23.6615433997394,80
32,2,2,0.00046975601836602,20.3209073874291,80
32,2,3,0.000153221117544546,20.7651606449588,79
32,2,4,0.000102876847285097,17.3850287796682,80
32,2,5,3.94355830353483e-05,18.3012790715134,80
32,2,6,0.000339023967146438,18.2526252970752,80
33,1,1,0.12207216919504,21.4084834416028,80
33,1,2,0.114306366537817,16.9821938345543,79
33,1,3,0.000237045334396969,18.1443622960112,79
33,1,4,0.0181850105892607,20.3223606863063,80
33,1,5,0.0853037870782546,19.1579721047892,76
33,1,6,0.0572986955119456,18.1686863710091,78
33,2,1,0.184883191755764,28.4539820600497,80
33,2,2,0.121877142669454,25.6717938433442,80
33,2,3,0.138020953992592,22.6901518615805,79
33,2,4,0.0763757667916776,23.5573089353662,77
33,2,5,0.0606478352542457,25.1317745888019,80
33,2,6,0.0408280357211221,26.4652066080192,80
34,1,1,0.146879482051626,21.4441455268651,80
34,1,2,0.0652251910792321,18.5787055880947,80
34,1,3,0.0889073625256246,24.456241329101,80
34,1,4,0.0985305403272017,17.1775812537176,80
34,1,5,0.0327183818522538,18.7770053625901,80
34,1,6,0.0314790516597752,25.5767173414363,80
34,2,1,0.457929980380896,23.9217986329126,79
34,2,2,0.0775994013792417,23.9512566991526,78
34,2,3,0.064832272540786,22.0327034260509,77
34,2,4,0.106499981759927,18.7072755631676,76
34,2,5,0.0864549239342154,16.6310922444498,78
34,2,6,0.10269407579615,19.662073996311,78
35,1,1,0.032494431882354,24.0187518952585,80
35,1,2,0.000636578556374846,18.1736106449532,80
35,1,3,0.0610979556011886,17.2110065713007,79
35,1,4,0.000695966306099923,21.4998252777901,80
35,1,5,0.062623608307753,20.1539151800494,80
35,1,6,0.00010375435973841,18.5084803448343,78
35,2,1,0.0787303309862417,26.8101750084176,78
35,2,2,0.000131042967618703,26.6101004943114,79
35,2,3,0.00102615546201843,21.5112353080351,78
35,2,4,0.000122566053783448,19.4163147934527,76
35,2,5,0.000227454826024476,21.598879443592,78
35,2,6,0.000210637363232128,18.9370281275168,80
36,1,1,0.0639976298400405,19.6869908625707,80
36,1,2,0.0446351947058967,15.0703781198387,78
36,1,3,0.000361215909145266,15.8973888691967,80
36,1,4,0.000458796904804892,20.8487052880088,80
36,1,5,0.0620911328606561,14.00494887287,80
36,1,6,0.052113568147539,16.4427669913726,79
36,2,1,0.262599261163053,24.3973382662806,79
36,2,2,0.0432119021349099,16.6155461884062,80
36,2,3,0.0416851816652361,15.7020266876644,79
36,2,4,0.0451021051764052,15.1650223907503,77
36,2,5,0.00010975161570972,17.0971224489914,79
36,2,6,0.00050319059775808,18.9289933251247,80
37,1,1,0.122117056232784,18.8686658482842,71
37,1,2,6.61541869180055e-05,21.4508135363978,78
37,1,3,0.0242195924969957,25.1533333786082,67
37,1,4,0.050537364334024,23.2342356064783,76
37,1,5,0.0525406947961008,20.6131818034929,69
37,1,6,0.149264135197907,18.0581510139128,72
37,2,1,0.388032006729167,24.4909435698955,74
37,2,2,0.0506949109674317,21.915844400121,75
37,2,3,0.100971995587338,16.5679745393646,74
37,2,4,0.10614737258442,20.9720242669121,74
37,2,5,0.000409956852885152,24.5721558808934,75
37,2,6,0.000368674129184388,20.4949313394085,74
38,1,1,0.0373370452970712,25.3518561124528,79
38,1,2,0.0256877421682071,22.5400937888827,80
38,1,3,0.00149269393217267,25.0244657961832,80
38,1,4,0.0403332538590495,21.7101391138412,80
38,1,5,0.000119372511154936,24.5097993645879,80
38,1,6,0.000138970968182757,22.3073095570031,80
38,2,1,0.307306102008033,21.5363422332151,80
38,2,2,0.0657853217589893,21.1006876256164,80
38,2,3,0.0703253712163927,24.4026487468906,80
38,2,4,0.0833446264996551,22.6567132045349,80
38,2,5,0.000361554097901135,27.4026978026872,80
38,2,6,0.0211238219802264,26.276035452711,80
39,1,1,0.103085600425018,18.4328804091215,77
39,1,2,0.000746961431590196,16.7525408148343,77
39,1,3,0.000618512287026541,18.9287017493202,76
39,1,4,0.0227333378364463,18.6214466482428,78
39,1,5,0.000276816932206944,20.1897140979999,79
39,1,6,0.000172404147589211,17.6897353361693,76
39,2,1,0.118781723334957,22.2827225201885,80
39,2,2,0.139654384626552,19.0370424355589,78
39,2,3,0.0817050353545814,22.7415528905322,77
39,2,4,0.000150788463516898,21.2138371167847,74
39,2,5,0.00143165306272893,20.6260405620915,76
39,2,6,0.0562781274478781,19.3291497165054,78
40,1,1,0.0586113995008169,17.6518802487522,79
40,1,2,0.000165162897808412,14.6131401188466,78
40,1,3,6.64494476770041e-05,17.2482659283172,80
40,1,4,8.69880869731232e-05,12.683816079273,79
40,1,5,0.000452632353405948,15.6606880466912,80
40,1,6,0.000581541074298275,13.4491498429145,78
40,2,1,0.0945562273376617,17.1828748153469,77
40,2,2,0.000470527970120727,14.6916997385358,80
40,2,3,0.0130607788249632,14.3564459670466,80
40,2,4,0.000144282447898654,12.6233386474148,76
40,2,5,0.0191451082858664,13.4466564279551,79
40,2,6,4.04369643511836e-06,10.9861526230746,78
41,1,1,0.0602892701003453,16.9927414015326,79
41,1,2,0.023104434392647,18.7931253091529,79
41,1,3,0.000523660559711482,17.6049324557481,77
41,1,4,0.000420623825258388,16.8734640233853,80
41,1,5,0.000567658200713785,19.3371612122165,80
41,1,6,0.000448863745672348,15.6902573432008,79
41,2,1,0.123129543446567,29.5461471562233,77
41,2,2,0.000112392545333851,20.5323329252096,79
41,2,3,0.00108832742479506,18.8158599665008,80
41,2,4,0.000299805703406253,20.2784563862493,77
41,2,5,0.00053762234854712,20.2535880909122,80
41,2,6,3.21020454117221e-06,19.0998262207721,76
42,1,1,0.0572613014418816,23.0493663388711,78
42,1,2,4.27241702905803e-05,22.9421993672064,79
42,1,3,0.0356325808063894,19.7515597979387,80
42,1,4,0.0379162677432495,17.763143749466,80
42,1,5,0.0454982731168733,22.3122947183294,79
42,1,6,0.000360934718567688,19.1388255675042,79
42,2,1,0.130263059902332,38.4341847908009,79
42,2,2,0.0526543328159096,25.7571998233943,79
42,2,3,0.136966976845535,25.3920264216054,79
42,2,4,0.0397775199783998,21.6446741628598,77
42,2,5,0.0335604397747769,22.3483716177897,79
42,2,6,0.000166493737135159,22.2723068410421,78
43,1,1,0.0592598626562253,20.2020529345968,80
43,1,2,0.022064356595981,20.9690873476517,80
43,1,3,0.000176855329846275,22.7838000687477,80
43,1,4,0.0803044088623359,17.5920694183717,79
43,1,5,0.00049875926317893,22.5386495983299,79
43,1,6,0.000527038104013682,21.2030074233668,80
43,2,1,0.0644269675887717,31.7434041340089,80
43,2,2,0.0432735199748792,27.2756384771149,80
43,2,3,0.000322568758412058,23.9306050074759,80
43,2,4,0.0292633189879222,25.9044884686878,78
43,2,5,0.000516510623686289,25.8804417314276,80
43,2,6,0.000300584865407238,24.604061908689,80
44,1,1,0.0766359610465144,14.0529047484839,80
44,1,2,0.0493611219270706,13.460191631573,80
44,1,3,0.0170546381924079,13.7562030924126,76
44,1,4,0.000732160399519557,13.8736256650568,76
44,1,5,0.0219117839478109,13.9211031534496,80
44,1,6,0.000103816143571717,14.8400137478263,78
44,2,1,0.0655350214136258,24.6994578313481,80
44,2,2,0.0570544507836427,17.1275534966817,80
44,2,3,6.38653178855336e-05,17.609111073746,79
44,2,4,0.000711229331748658,17.3095231768182,78
44,2,5,2.98520658334754e-05,14.8393513192346,78
44,2,6,0.00160117864466591,15.4448983822757,79
45,1,1,0.0671435261103679,21.7653355692923,77
45,1,2,0.0581487993007642,21.2510307496606,80
45,1,3,0.000191574489636853,19.1537386248996,80
45,1,4,0.0495860063049991,18.974547945636,80
45,1,5,0.0189868677500081,21.2862455767802,80
45,1,6,0.0375853369489585,18.6608475007116,79
45,2,1,0.0786887527749832,28.996718610079,78
45,2,2,0.108928656523614,19.9812728072778,80
45,2,3,0.0543491473544154,18.0498314710695,79
45,2,4,0.0467041187813016,21.0666159656417,80
45,2,5,0.0663967689833019,18.7440715198214,80
45,2,6,0.000232402803529853,22.335319344607,80
46,1,1,0.0659835170365424,24.2985990393209,79
46,1,2,0.0249009833011896,23.9559282447825,79
46,1,3,0.000158984921948905,22.3114675553786,79
46,1,4,0.0534471559326304,21.9345740538668,77
46,1,5,0.0279931403842548,25.3417512138795,78
46,1,6,0.000499789796951759,23.9744439782905,78
46,2,1,0.332775578588398,29.9766425842021,80
46,2,2,1.42696376812428e-05,29.1811726876677,79
46,2,3,0.177175676471457,22.8298108439374,79
46,2,4,0.0196142899497121,29.4772574904115,78
46,2,5,0.0597542071395701,28.2617052922208,77
46,2,6,0.000110481525617298,29.3834157475261,80
47,1,1,0.0629184553326298,21.5905463951719,75
47,1,2,0.000140942859212803,17.3520793431019,80
47,1,3,8.03433357942415e-06,17.3999500418065,78
47,1,4,0.0010710267693715,19.6733548760813,77
47,1,5,9.47359041302692e-06,22.9176127904232,78
47,1,6,0.0194931796360273,16.5921523982999,80
47,2,1,0.184668819287345,25.8985211384594,80
47,2,2,0.000153155726961538,22.4770281149151,79
47,2,3,0.000130111106200991,17.9223392117941,77
47,2,4,0.000223481500210596,15.872137369546,79
47,2,5,0.0342682448412066,15.7625127107635,80
47,2,6,0.000175226398397795,19.2740575157344,79
48,1,1,0.000118492200358252,20.0680403444527,80
48,1,2,0.0354090245398453,15.8267814736928,79
48,1,3,0.000179635874159878,17.493756971348,80
48,1,4,3.46221257529044e-05,22.4725049285903,80
48,1,5,0.000129891533925041,15.9213860960581,80
48,1,6,0.0185038570427459,18.7816336117166,79
48,2,1,0.158390693787721,18.8483473384846,80
48,2,2,0.0417904354365222,19.4523986485186,80
48,2,3,0.047378811226846,20.4878842282544,80
48,2,4,0.000336656974739797,20.8615738406364,80
48,2,5,0.0377875149066412,17.8162996600192,79
48,2,6,0.000127858618902816,18.0949091890138,80
49,1,1,0.0476268638700487,18.8419429765766,80
49,1,2,0.0484076070148156,14.2883509224475,79
49,1,3,0.000103821573382107,19.9015713969336,78
49,1,4,0.0228658522419643,16.7482031148524,79
49,1,5,0.00198528099530665,18.9781776088572,80
49,1,6,0.02280540658524,14.3162310246418,79
49,2,1,0.0300457110366374,24.5868088339233,79
49,2,2,2.80243899312971e-06,15.1923451783957,78
49,2,3,9.06191756044287e-06,19.6961600458474,80
49,2,4,1.23361819521616e-05,19.3922690090731,78
49,2,5,0.0382765228127497,16.6933766259983,80
49,2,6,0.000272030537173127,16.5873098657088,78
50,1,1,0.0909354600412362,25.0331417507712,69
50,1,2,0.129636002151804,27.5336774076613,72
50,1,3,0.283244337132523,16.5784400949294,73
50,1,4,0.184784978108061,22.5343838571791,66
50,1,5,0.200507867209567,25.1988433734073,69
50,1,6,0.152353542749795,25.6441740006378,72
50,2,1,0.133452405069309,43.0288314125502,66
50,2,2,0.196793311754363,32.3961310486076,70
50,2,3,0.12253995010845,25.8095422952544,67
50,2,4,0.254280708317705,20.231685334719,69
50,2,5,0.304931262001526,23.3875781628749,70
50,2,6,0.233584635100642,24.2301156734016,70
51,1,1,0.0619697625224384,18.9995967119184,76
51,1,2,0.000678806414270528,18.6626735994939,79
51,1,3,0.0710752354581687,15.7442343276347,76
51,1,4,0.0356145929061139,16.4126732869844,78
51,1,5,0.022740343868486,23.2042665341897,77
51,1,6,0.0254810606283697,15.8375473332849,76
51,2,1,0.220745123010314,18.8187447474292,73
51,2,2,0.0274510521064775,17.7463061837041,78
51,2,3,0.0278249321909885,17.4234013626259,78
51,2,4,2.3745182448515e-05,16.0502545857134,76
51,2,5,0.000408267801939697,16.7177123611967,78
51,2,6,0.00011942038146445,14.3316147378891,75
52,1,1,0.0358942807109938,17.0574181545884,77
52,1,2,0.0357271209424224,17.8180268309824,74
52,1,3,0.0186793723143313,16.5010288920879,79
52,1,4,0.000155582497563245,17.5789593978818,76
52,1,5,0.00121665079445069,17.0125491570705,73
52,1,6,0.0326764005978214,18.2392176058329,74
52,2,1,0.0221871788588851,24.6370576881341,79
52,2,2,0.0662578092115434,21.9214073845087,79
52,2,3,0.00114485891600324,19.8241378626989,77
52,2,4,0.000960779684752427,18.89026658802,78
52,2,5,0.000382249117606326,16.4788166530093,74
52,2,6,0.000880370012593604,16.484149823539,76
53,1,1,0.00223228366006247,27.0996109750965,79
53,1,2,0.000169552446318881,16.2413000001717,80
53,1,3,0.000183869012499234,17.8223117845416,80
53,1,4,0.000518567205973059,20.42327850111,79
53,1,5,8.39298200053205e-05,17.7043280606804,79
53,1,6,0.0312199655321567,19.389602053549,80
53,2,1,0.133998731199627,24.1895621570539,80
53,2,2,0.0315890241250662,18.9121208988091,79
53,2,3,0.0202570023552631,18.7511478366214,79
53,2,4,0.0155050225163915,14.5609125726826,79
53,2,5,0.0126693378509159,18.7157770857909,78
53,2,6,9.84628104208307e-05,14.5779461104866,79
54,1,1,0.0488268714162244,17.544052617799,67
54,1,2,0.000134132568592865,15.6641253321159,78
54,1,3,0.000214190412322788,14.0931648444852,79
54,1,4,9.31048825683245e-05,15.0809570661071,79
54,1,5,4.70120889268181e-05,15.6949240458546,77
54,1,6,0.000290934335707193,16.6537778587358,80
54,2,1,0.0584346588585197,18.5290171925901,68
54,2,2,0.000166193210116369,14.9571578917464,79
54,2,3,0.0157389765969243,12.1837140324029,78
54,2,4,0.000109850401439643,12.3749800826386,73
54,2,5,7.95625245415309e-05,13.0115159356615,77
54,2,6,1.53589985429884e-05,12.1191085137918,74
55,1,1,0.0216758685231165,16.7179568959544,78
55,1,2,0.020902054834821,16.3906388062525,80
55,1,3,0.000713329242275678,13.5842780938464,78
55,1,4,0.0161669104706306,14.4023350906747,79
55,1,5,0.0175788373460038,12.7921112780856,78
55,1,6,0.000641408206112627,15.5042361848733,79
55,2,1,0.123190653413438,21.1258930046369,80
55,2,2,0.0014207305489114,19.8809345871718,78
55,2,3,0.0476513056316135,12.6875923702868,80
55,2,4,8.38851140680004e-05,16.9962221708557,80
55,2,5,0.000393117078328933,20.4832192677348,80
55,2,6,0.000505410052947465,16.0643467875143,80
56,1,1,0.143049753574968,19.4067047629329,78
56,1,2,0.0892635175710388,18.7244917164911,74
56,1,3,5.02784040342886e-05,22.8136322451097,80
56,1,4,0.00055412634978066,20.0572643534462,74
56,1,5,0.0616556737881553,20.1659019064944,79
56,1,6,0.0881310520723325,17.5479775666662,75
56,2,1,0.470754380686034,20.9343413684186,77
56,2,2,0.191931832875243,20.0683595360937,77
56,2,3,0.127888340580837,23.7331115460882,79
56,2,4,0.159454661870415,20.7996062032564,75
56,2,5,0.10087394407662,25.5983678710081,77
56,2,6,0.0541472518496246,28.5379165156272,77
57,1,1,0.0639603291130587,22.9094216793208,79
57,1,2,2.86500163047005e-05,25.1841825419431,80
57,1,3,0.0539414108318171,20.725621557105,79
57,1,4,0.0399794410675573,20.9040094731747,80
57,1,5,0.0360568293900176,21.4640760190523,80
57,1,6,0.0371719354387991,19.5646805525555,80
57,2,1,0.343724614405422,46.9963837374934,80
57,2,2,0.188363551492653,22.77301000691,80
57,2,3,0.00107562935227217,25.6799332095054,78
57,2,4,0.127033814345259,19.6863576403327,80
57,2,5,0.0419217991504447,23.3773711161618,79
57,2,6,0.000180672988113739,23.6165771421667,80
58,1,1,0.0208897541343124,21.1764261028075,80
58,1,2,0.000266311888917127,14.1717962119436,80
58,1,3,2.5541957060355e-05,13.5590056290459,80
58,1,4,0.0312860508749262,13.9327573506413,80
58,1,5,0.000600587859579278,16.2929514556585,80
58,1,6,0.0162250144086328,14.361727782734,80
58,2,1,0.000200556397195781,20.4632986178514,79
58,2,2,0.0247250500588559,16.6659909337871,80
58,2,3,0.000263135496762797,14.5616445215311,80
58,2,4,0.000454640610171536,14.0203207307674,79
58,2,5,0.00116379813348534,16.7551357624853,79
58,2,6,0.0160186796031409,13.784113377991,80
59,1,1,0.13794616932644,26.6334908240664,74
59,1,2,0.125213626714925,18.241437397931,75
59,1,3,0.0647158269641109,23.2453522004477,75
59,1,4,0.0825200435705997,23.3724626952694,73
59,1,5,0.0196403658792929,18.2842532409903,79
59,1,6,0.1401532882749,20.6810211336824,76
59,2,1,0.138351957194298,32.2254180826372,78
59,2,2,0.14131936525186,18.2854202796125,78
59,2,3,0.114978912420538,22.2285454655672,76
59,2,4,0.0846291289174776,22.5497008255162,74
59,2,5,0.0403912055960622,18.8394905486512,76
59,2,6,0.116466007991721,18.8553780265329,75
60,1,1,0.000277786331852527,23.8850927681036,79
60,1,2,0.000616073131521968,16.7252980360807,80
60,1,3,0.00042839650796943,16.9176156503516,80
60,1,4,0.000328968052849613,16.9011866838775,80
60,1,5,0.00484390284676526,17.8603312431698,80
60,1,6,0.000203720864206232,15.3983684046234,80
60,2,1,0.152786296740465,19.3119220518843,80
60,2,2,0.0186068307018995,16.950272933123,80
60,2,3,0.000163246082432645,16.00745778137,79
60,2,4,0.000154473778273828,16.1299970766424,80
60,2,5,0.000320440440323443,18.1972458796957,80
60,2,6,0.0155482772650274,16.3578524612547,80
61,1,1,0.102940704843739,32.1747520619782,80
61,1,2,0.0472033746458219,26.2061927989202,79
61,1,3,0.0310929964035044,25.9417917745752,79
61,1,4,0.0245698302617214,26.2522205525417,79
61,1,5,0.150779383350524,27.5763916535023,80
61,1,6,0.057285288887854,24.3698714076639,80
61,2,1,0.24563295047285,47.7227978531529,80
61,2,2,0.103209545681688,31.3888821192618,78
61,2,3,0.132811823919211,28.0654560539215,79
61,2,4,0.059118004170236,30.5654210321037,80
61,2,5,0.122387229240732,27.6613516421633,80
61,2,6,0.0515368943084422,27.6042668402559,77
63,1,1,0.0958547873478127,14.4365666862971,79
63,1,2,0.000973447522500683,16.0632338774267,73
63,1,3,0.0346787628717221,12.1112379852242,72
63,1,4,0.000103981720642557,15.2317532603973,77
63,1,5,0.000417161210231302,15.6707232136328,76
63,1,6,0.000718634529510222,12.9227267047929,76
63,2,1,0.0451686024638173,18.4359406214533,77
63,2,2,0.000204829152552051,16.0023569310502,78
63,2,3,0.0198083509897685,16.7211634115107,77
63,2,4,0.033967102128947,14.9158179245176,80
63,2,5,0.0186821713611738,15.2066892151962,78
63,2,6,0.00214564911164384,17.2796718247806,78
64,1,1,0.0259219619266123,22.3635855083683,80
64,1,2,6.41325251763449e-05,22.2639235570227,79
64,1,3,0.00626340502045247,19.3506710183326,78
64,1,4,0.0349954843541218,20.3176248143145,79
64,1,5,0.0564852521894034,19.4236569746833,79
64,1,6,0.000238747899302446,21.9658960463346,79
64,2,1,0.144964113536543,27.3538533568902,80
64,2,2,0.0265084520059756,23.7245804326347,80
64,2,3,0.0233828099444522,24.5990569336661,80
64,2,4,4.18504436276983e-05,21.7097462267808,80
64,2,5,0.0441734504081436,18.1077932020198,78
64,2,6,0.0263509684411516,22.8707934089599,79
65,1,1,0.177447920375638,21.6082260563062,76
65,1,2,0.0896849778852157,21.0538998955545,77
65,1,3,0.0710474103728746,22.756290481935,76
65,1,4,0.0966543767000982,28.5497538872342,76
65,1,5,0.181508984435114,18.4431397797557,76
65,1,6,0.127882544145851,21.8259487887895,75
65,2,1,0.585008282815673,24.030014165188,74
65,2,2,0.548523597097516,26.1162497882006,77
65,2,3,0.414246324409531,37.4990528575597,80
65,2,4,0.575801755832324,29.235883390339,79
65,2,5,0.335612266959337,33.7603874979085,77
65,2,6,0.497171224554829,44.9276401472335,73
66,1,1,0.114828389018174,20.3960385738372,77
66,1,2,0.0632733746964299,21.8636978858103,80
66,1,3,0.017482654781515,21.302838780824,79
66,1,4,0.0561591201898818,18.5067312260397,80
66,1,5,0.0393141558447826,18.4298960794309,79
66,1,6,6.23783753876421e-05,22.3781125821598,80
66,2,1,0.206713682870573,23.1888418378331,79
66,2,2,0.099617091210063,22.632295055301,79
66,2,3,0.0557783931507024,18.6833699947581,79
66,2,4,0.0187184066451177,18.5928373883828,79
66,2,5,0.000842519338877686,19.8536732969672,79
66,2,6,0.000914722909543704,20.6552211007406,80
67,1,1,0.0165015197915238,14.0347502838479,77
67,1,2,0.0294700629942592,11.6523173006593,80
67,1,3,0.000571856976011508,13.1546071878115,77
67,1,4,0.000217306743446448,11.989268838176,77
67,1,5,8.25365728841961e-05,12.6282674207902,79
67,1,6,2.01890774362166e-05,11.8369245484481,78
67,2,1,0.032483824757841,17.1852769151157,77
67,2,2,0.000404639141374295,14.848162363871,79
67,2,3,0.0414816872761849,12.8417880435644,77
67,2,4,0.023163751446998,12.7630870519562,78
67,2,5,0.000269534600151868,11.2076068372508,77
67,2,6,0.000914031190848694,13.4041898569748,78
68,1,1,0.0678616528748433,17.4726353096526,78
68,1,2,0.0334361843256124,16.8339223021364,78
68,1,3,0.0461728294933424,15.2849126418443,78
68,1,4,0.000221585566951419,14.6277374270765,77
68,1,5,0.0487559503400948,18.0255672590054,78
68,1,6,0.0558017080818864,18.596977557452,79
68,2,1,0.0624954508677192,24.2660824650375,80
68,2,2,0.0205317084277491,20.8648419444285,80
68,2,3,0.0254655043922928,23.2777989142098,79
68,2,4,0.0221034006430478,21.068636280284,78
68,2,5,8.84974587237949e-06,28.0606368810596,80
68,2,6,0.0246936070061241,20.8931064413086,80
69,1,1,0.0652613992463866,13.4733688911373,77
69,1,2,0.013952742475935,13.1552466846469,80
69,1,3,0.000222541411163028,12.6869841276572,80
69,1,4,0.0167609505811925,11.4452094905427,77
69,1,5,0.000387967419967137,12.9484312164675,78
69,1,6,0.00118257976453306,13.069597668498,80
69,2,1,0.10172569523781,15.9436788326323,78
69,2,2,0.0205077625764181,14.5258728003842,79
69,2,3,0.0327910295960018,16.0021298201263,79
69,2,4,0.000179355286438795,16.1973845432047,79
69,2,5,0.000275697304980062,14.4418657544459,78
69,2,6,0.000319403330180052,16.279342870852,76
70,1,1,0.0211086917872225,19.6907246299259,79
70,1,2,1.19187107696164e-05,19.1831116349975,80
70,1,3,0.000607789686289934,15.0955340300755,79
70,1,4,0.034758707873124,19.7397766920554,78
70,1,5,0.000528995452383545,17.5432720862817,78
70,1,6,0.000473005296330659,16.4370019937134,80
70,2,1,0.0393830361525667,22.6374121109553,80
70,2,2,0.0342634796340507,20.4265041283112,77
70,2,3,0.0308477305669379,16.9151224377477,80
70,2,4,0.0350399518630424,18.3440433300188,80
70,2,5,0.0193315559152428,17.5415023454318,79
70,2,6,0.000374967187233106,15.6100115707923,77
71,1,1,0.192250611443186,16.2539432570816,80
71,1,2,0.000209589684083664,16.1628110668937,79
71,1,3,0.000122621675850395,14.7316148491263,80
71,1,4,0.00112921826044869,15.2675479480903,79
71,1,5,0.0387575735098844,18.2012216338865,80
71,1,6,0.0236655608860403,14.9783345784191,80
71,2,1,0.269704716276868,16.4289785910873,80
71,2,2,0.0196825836385346,17.5298065754632,80
71,2,3,0.0167324450128004,15.8801407807854,80
71,2,4,0.0462257433581849,14.3926856254662,80
71,2,5,0.000112619232783036,18.2853681951029,80
71,2,6,0.0051604546510341,14.9147257856442,80
72,1,1,0.000322086026100412,15.3484423670923,74
72,1,2,0.000204219038965289,14.8713185309864,79
72,1,3,7.1471441091279e-05,13.7329170126567,80
72,1,4,7.20907562387482e-05,12.2955558712238,77
72,1,5,0.000219140058664631,12.7603501657532,79
72,1,6,4.23643290100306e-05,12.1238289893446,80
72,2,1,0.0183598704932582,15.5144643180063,80
72,2,2,9.81099156797329e-05,14.8144708357411,77
72,2,3,0.000187764001317671,11.2421274045329,75
72,2,4,0.0140521252173586,13.4202445499253,77
72,2,5,0.000336750062942005,11.9651113874613,80
72,2,6,0.0160327042508166,10.1521161678744,78
73,1,1,0.0858889945064974,24.0780837208289,80
73,1,2,0.0704063511251359,16.9956941190349,78
73,1,3,0.16195115548824,18.3940766276297,79
73,1,4,0.0680564424545241,22.4728488458984,79
73,1,5,0.0840696386787379,25.5108907560121,80
73,1,6,0.120189121982308,20.988987288142,79
73,2,1,0.199580303280515,31.4377451106994,80
73,2,2,0.0594896175507832,25.2334859777542,80
73,2,3,0.201607290094443,17.0458359815848,80
73,2,4,0.0722394606900023,19.2204090484464,78
73,2,5,0.0334538920450659,20.2919275486174,80
73,2,6,0.0276081154682085,19.6135184102745,80
74,1,1,0.0536791634121526,20.9197951299854,77
74,1,2,0.000242080991378337,16.9411008681677,80
74,1,3,0.000269732442138782,16.20884237935,78
74,1,4,0.000547961455484194,15.4425001009452,80
74,1,5,0.0298940495897013,19.0381520773656,79
74,1,6,0.0171698858945181,13.7848150876855,77
74,2,1,0.0975730581256118,29.8816476150149,77
74,2,2,0.000217301377181792,25.0926957945294,77
74,2,3,0.000932944586047198,25.4424226342436,76
74,2,4,0.000236104964051335,17.5348413935394,80
74,2,5,0.0422576823919098,18.2519451298223,79
74,2,6,0.0190091202061344,17.410353143094,80
75,1,1,0.0459766289884061,25.2023646197458,80
75,1,2,0.000384994551658517,18.8984743134031,80
75,1,3,2.62956372020914e-05,21.5368067054852,80
75,1,4,0.0335782861226712,15.9860564714478,80
75,1,5,0.0263094376410113,20.148012045425,80
75,1,6,0.0137913279248726,21.0236652196454,80
75,2,1,0.0577298253607682,24.5359916163981,80
75,2,2,0.000474961091053459,22.9508990346957,80
75,2,3,0.000184234471099866,21.7716511367384,79
75,2,4,0.0202283003828171,21.5473109482485,79
75,2,5,0.000255665183903641,18.294776860588,80
75,2,6,0.0165630005078299,20.4995754808981,80
76,1,1,7.62677554637589e-05,19.9106592345343,80
76,1,2,0.0408984911388071,16.4267055060075,80
76,1,3,0.000143448280880031,15.5262877559433,80
76,1,4,0.0160063035688658,13.8849705182601,80
76,1,5,0.000211790329605215,15.7442456111893,80
76,1,6,0.000415894220849285,17.6929463464612,80
76,2,1,0.240831331537915,25.5382184155757,80
76,2,2,0.000370070811680015,19.2414343108522,79
76,2,3,0.000323690678329326,18.2037404002464,80
76,2,4,0.000329118847637566,16.5983613918386,80
76,2,5,0.00259834775721063,20.9133812574146,80
76,2,6,0.000217927833302296,16.8279288691807,80
77,1,1,0.0317630388822955,20.1987195063842,77
77,1,2,0.000642236348588589,18.0624261151526,78
77,1,3,0.0310479034976246,15.6222151804131,78
77,1,4,0.0165216935063237,15.2992284675138,76
77,1,5,0.0175924439430914,17.0485479626505,77
77,1,6,0.0546414157620605,17.1006672123726,76
77,2,1,0.0845172770454151,21.362710723085,80
77,2,2,0.116802513536357,20.7767799433204,76
77,2,3,0.00135836057526228,21.1246809336854,78
77,2,4,0.0640311620702942,21.0062465808079,77
77,2,5,0.0406428980114185,19.2347056585089,80
77,2,6,0.0223719025227903,21.3122639544404,77
78,1,1,0.0827321197347452,19.1191616968485,78
78,1,2,0.0348020604413157,16.0085665871972,79
78,1,3,0.000554924249593013,19.9170628146723,79
78,1,4,0.0234861398059447,14.9623977055037,80
78,1,5,0.0295230191321852,17.0408425138888,80
78,1,6,0.000296251937825875,16.0571540843797,80
78,2,1,0.128983525995279,16.1857400812697,80
78,2,2,0.0420257361645118,15.3138727927188,77
78,2,3,0.0208189193996043,17.3499500873067,80
78,2,4,0.0214238587275491,16.4208689493386,79
78,2,5,0.0258128553144393,14.708655770988,77
78,2,6,0.000320438688954846,16.6993942984619,80
79,1,1,0.137100684904273,15.6739676156444,79
79,1,2,0.0845270877485074,15.2518492535578,79
79,1,3,3.13663810762206e-05,19.5772693255685,77
79,1,4,0.020264117235459,17.5689220238014,78
79,1,5,0.00327954544706328,18.6867201881495,80
79,1,6,0.00982014981590869,15.691335170395,80
79,2,1,0.0995187034739622,29.7253080735296,78
79,2,2,0.0380944319702085,20.3098316103646,78
79,2,3,2.37769674123599e-05,20.697065311714,79
79,2,4,2.17415066895226e-05,18.1720462345092,80
79,2,5,0.000413230249605159,21.0875540453822,77
79,2,6,0.00041130875338065,16.9792947272497,80
80,1,1,0.0192729655482244,14.2292568319186,80
80,1,2,0.0892270839247741,11.1003132995637,79
80,1,3,0.0398491963766439,13.5398065319514,80
80,1,4,0.0524047488098154,15.467456756895,80
80,1,5,0.0270257518986899,12.8759507459022,79
80,1,6,0.0214971774701283,12.2055586993159,80
80,2,1,0.169573901961984,21.9257203035504,79
80,2,2,0.000832334624886175,17.5228663594438,79
80,2,3,0.0188265987990556,13.6013662686439,80
80,2,4,0.0323151245950312,13.2566775441749,79
80,2,5,6.80922045117561e-05,13.8178674159243,80
80,2,6,0.0215385183038999,13.9144714786045,78
81,1,1,0.162614969935848,25.1554527455694,79
81,1,2,0.0773607112860134,19.8904092388899,80
81,1,3,0.146694993869845,17.5891858063871,80
81,1,4,0.0966479117925159,18.1195349888842,77
81,1,5,0.173486032024178,20.6995963467978,79
81,1,6,0.265209331608974,15.4760212094052,79
81,2,1,0.46316779866339,23.7827147172635,79
81,2,2,0.283772587082804,13.7892309350997,80
81,2,3,0.129538331192624,23.0982527367382,79
81,2,4,0.0366549504550369,19.9547962236411,80
81,2,5,0.00181184718891473,30.1331237164349,80
81,2,6,0.117327491597229,20.3730356952362,80
82,1,1,0.000400687975910779,16.4482148776732,80
82,1,2,0.00010356365098615,16.1372171271201,80
82,1,3,0.0214030392084409,16.5982056793231,80
82,1,4,0.000781548724970979,17.9321444691013,80
82,1,5,0.0697871239866915,15.4076302685182,80
82,1,6,4.04020866106372e-05,16.3169285221339,80
82,2,1,0.0815447948095232,21.1644270758795,80
82,2,2,0.000589585137126774,17.6314793745966,80
82,2,3,0.0267177515288709,16.2816009795156,79
82,2,4,0.0149711790456037,14.4384521010501,80
82,2,5,0.0299423723268095,13.7179334481758,80
82,2,6,0.000468210000093899,15.4700407911003,80
83,1,1,0.240625396475041,18.50615678075,73
83,1,2,0.0708646903956042,23.5260773951792,75
83,1,3,0.100725331837667,17.4590968833447,74
83,1,4,0.170835200726157,14.9011702826824,77
83,1,5,0.18306921009767,16.2141456347878,74
83,1,6,0.0922070453491362,20.563252505707,73
83,2,1,0.110386256880581,32.1876862203504,78
83,2,2,0.0833830006285537,22.7185560329298,79
83,2,3,0.000210266911892344,19.985730219605,77
83,2,4,0.0529650183175628,18.6725878785905,77
83,2,5,0.0199736033755206,21.2445806061972,79
83,2,6,1.61002791035023e-05,17.8004790444972,77
84,1,1,0.0972075876927806,20.5176167362933,77
84,1,2,0.0526831441426847,17.7898806758459,77
84,1,3,0.00159088800890924,20.6946677056604,80
84,1,4,0.000615346039789721,17.6478248065689,78
84,1,5,0.0219201578592709,18.9862613198857,79
84,1,6,0.0414627982605433,19.9844185775609,80
84,2,1,0.356848313238485,26.7748751907633,80
84,2,2,0.0615644744867183,20.4073918619044,80
84,2,3,0.000751704765493101,22.5321597179255,79
84,2,4,8.58665382116545e-05,23.215084087712,80
84,2,5,4.70334222127892e-05,19.0711968271912,79
84,2,6,0.018273922676199,18.3371121149253,79
85,1,1,0.087036011490024,20.82566186179,79
85,1,2,4.80998350989408e-05,16.2439510492676,78
85,1,3,0.0174340035035409,15.1252325899351,80
85,1,4,0.0338253227243408,15.4042031438916,79
85,1,5,0.000884245005822296,20.4490335924047,79
85,1,6,0.0290411804110348,17.2138223980322,79
85,2,1,0.205244035088487,19.1205867367811,79
85,2,2,0.0436828374037692,17.0011715631709,78
85,2,3,3.60698802696208e-06,19.9102420072004,79
85,2,4,0.0398378918832209,17.1939266541433,79
85,2,5,0.0233569867071576,16.8567142326719,78
85,2,6,0.000751799068922128,20.590820626106,79
86,1,1,0.116319898663408,24.2075085635235,79
86,1,2,0.0207913865641984,14.4512563392277,79
86,1,3,0.00121393743174229,22.2805068633756,77
86,1,4,4.43305545998044e-05,19.8169818974559,79
86,1,5,0.00145046790564585,22.919389678989,77
86,1,6,0.000319305890709659,20.8349251754005,79
86,2,1,0.000246304543703787,28.3227990328875,80
86,2,2,0.00101892642650939,25.5797925280234,80
86,2,3,0.0158447282113981,18.8828158299144,80
86,2,4,0.000523758815882703,24.2564401975678,79
86,2,5,0.0557227424635301,23.1133267711487,79
86,2,6,0.0236627925148394,21.1619771852453,77
87,1,1,0.0188558058118916,18.2840575747974,78
87,1,2,0.0415137608454995,13.6476476369893,80
87,1,3,0.000794153782147889,14.7630131238209,80
87,1,4,0.0729257922518531,15.2548186581382,79
87,1,5,0.0474980686100232,14.138376304157,80
87,1,6,0.029492310090515,12.4360293390502,80
87,2,1,0.119200990658321,20.1850936109644,79
87,2,2,0.0012206138308111,21.9910570874906,77
87,2,3,0.000291979187097235,16.6439025293156,79
87,2,4,0.000906464509474982,15.7802667411819,80
87,2,5,1.27650139062421e-05,14.4472794040665,79
87,2,6,0.0320551957846735,15.641767006613,78
88,1,1,0.022569789775963,15.8350717660855,80
88,1,2,2.38384619154258e-05,14.1259172576835,78
88,1,3,0.0246202969650462,12.5793393684558,80
88,1,4,0.000168292135132104,15.5255161754594,80
88,1,5,3.09838069715784e-05,14.2948451649907,80
88,1,6,0.000741549926478225,13.0227520582212,80
88,2,1,0.000527063577653467,21.4489166201155,80
88,2,2,0.000308345670027769,18.6198391593815,80
88,2,3,0.000442468286661558,16.3454605023752,78
88,2,4,0.0258157484467836,17.6896031117936,80
88,2,5,0.000764366158692719,16.0648069458186,80
88,2,6,2.93850499133944e-05,15.1121046485606,80
89,1,1,0.0192507325663432,18.4405354357319,78
89,1,2,0.0171564642946058,16.4825015861589,79
89,1,3,0.0222124076241723,20.0247655125397,78
89,1,4,0.0172945149703835,16.6649455456076,78
89,1,5,0.0292387713753214,15.5931914873776,78
89,1,6,2.77863054418575e-05,18.3840670505343,79
89,2,1,0.149508968348231,20.2622487128567,80
89,2,2,0.0157527422462874,17.5135328729986,80
89,2,3,0.000554643058715646,15.8813416770827,79
89,2,4,0.0313231950733698,15.8394649530576,78
89,2,5,0.0550951125689348,17.3108301286259,76
89,2,6,0.000523380862617634,18.1071872871893,76
90,1,1,0.00122757450757682,16.7732487516648,79
90,1,2,0.000203947141250569,15.2107109150617,78
90,1,3,0.00106579599655288,18.9542448011783,79
90,1,4,0.0164352145169696,16.0307058166317,80
90,1,5,0.000116183943666014,15.2692508200399,79
90,1,6,0.000131368615543924,15.7310859602102,80
90,2,1,0.0229808633514846,26.9048113519038,80
90,2,2,0.000153296100412072,24.8798893448044,80
90,2,3,0.0143502608598362,24.3022872999951,80
90,2,4,0.000512025587502952,20.4824032743348,79
90,2,5,7.79568431364737e-05,21.3675404530076,79
90,2,6,0.00058987233202384,23.2259914705915,80
91,1,1,0.000185898573121145,14.4251908078867,80
91,1,2,0.0128763297710827,11.7184951142114,79
91,1,3,0.000566788207215118,13.3543577785464,80
91,1,4,0.000115808610851344,12.6779908240945,80
91,1,5,0.000144032500229575,14.4501539786549,80
91,1,6,0.0162421190789322,13.4175388270297,80
91,2,1,0.149591908002086,19.2538169960507,80
91,2,2,5.54843205303277e-05,14.5627088994588,78
91,2,3,0.000605642241674704,11.6278706098237,76
91,2,4,0.000141644967992567,9.88718591199594,78
91,2,5,1.75362750230012e-05,11.4383147617299,78
91,2,6,0.00064079331343712,12.3331154896375,77
92,1,1,0.0747530848456172,18.7878502151345,80
92,1,2,0.000144431143215247,16.6523041396088,80
92,1,3,0.000209065077944793,15.2919948168739,80
92,1,4,0.00016464162218622,16.4826555945516,80
92,1,5,0.000229748637679507,19.4183383897313,80
92,1,6,0.0158084253750796,16.6434797531551,80
92,2,1,0.195867919444967,22.2741998060891,80
92,2,2,0.0517967498044344,23.240160340132,80
92,2,3,0.00026330738777565,18.695352845957,79
92,2,4,0.0440545036642119,19.84255556547,78
92,2,5,0.000885420834635151,19.1780631374165,79
92,2,6,0.000503784762723366,19.7014677466483,80
93,1,1,0.00121065592969186,23.5975708318004,79
93,1,2,0.0372425778626635,17.9391116752717,80
93,1,3,0.019845618322585,18.7256374187224,80
93,1,4,0.000644044747973044,17.5425713385156,80
93,1,5,0.000909379012513865,20.3200189200795,80
93,1,6,3.25004698704494e-05,20.0977826091737,80
93,2,1,0.111300126576822,19.094879829597,79
93,2,2,0.0695566100557318,22.2478466884234,80
93,2,3,0.000618389797253789,19.7339498444538,80
93,2,4,0.0192660377615586,19.5274849348985,78
93,2,5,0.0561414123085169,19.4825737177277,80
93,2,6,0.000152384449565931,19.9595526735226,80
94,1,1,0.169150756346897,26.1612079731858,80
94,1,2,0.096587459796608,21.0255036479415,77
94,1,3,0.000420621038548482,25.1606471169941,80
94,1,4,0.0214331082093092,24.226506334516,78
94,1,5,0.0394106271383961,18.4970056128924,80
94,1,6,0.0261946433506938,23.7821562190291,77
94,2,1,0.339634735400476,26.8409204551251,80
94,2,2,0.0576359794368469,21.2304692017854,80
94,2,3,0.0857800666618004,19.0688839961634,80
94,2,4,0.0188515894254744,19.3178623010963,79
94,2,5,0.000668163950693624,19.567766972253,80
94,2,6,0.0220006553533498,20.6417131810896,80
95,1,1,0.00436656312583258,23.7674818420339,77
95,1,2,0.0320822310687637,16.9622658376509,78
95,1,3,0.00101765257368158,16.7634513730948,79
95,1,4,0.0613474312919343,15.6926011032004,78
95,1,5,0.000770075582256278,16.9909210908628,79
95,1,6,0.0226516307127098,16.9338929446387,72
95,2,1,0.0878218238593653,19.7255334459125,75
95,2,2,0.0434353283153723,24.5545533344128,75
95,2,3,0.0391044805711496,17.8558299212549,78
95,2,4,0.0307129177184057,19.4088167626719,75
95,2,5,0.000125938150444678,20.4628743803504,76
95,2,6,0.0338638751921369,19.0382940112198,75
96,1,1,0.0811294620612905,18.3052492303585,74
96,1,2,0.000851387143288525,20.689916240722,79
96,1,3,0.000319599447820466,20.1382055719377,77
96,1,4,0.050920207034396,14.3817657394327,76
96,1,5,0.0269393265553926,24.108820116341,78
96,1,6,0.047108326745564,15.4760919398802,78
96,2,1,0.0841155864635071,24.1760375928457,76
96,2,2,0.000378131452393026,25.1144845781019,77
96,2,3,0.000128565035358,24.8691284611182,79
96,2,4,0.000267810233073013,19.3741797242282,78
96,2,5,0.0440564260446595,18.7736663969564,77
96,2,6,0.000181929188707269,21.5827714009117,76
97,1,1,0.139351857623873,18.4626416976547,75
97,1,2,0.0005474880558218,14.3717517628668,76
97,1,3,0.0303189437446062,17.0094380278461,76
97,1,4,0.000503656336161729,16.8609704085154,76
97,1,5,0.000240458711835115,21.6136157058571,77
97,1,6,0.0376047408919903,20.4064995747976,75
97,2,1,0.19710630803864,31.4672906673077,74
97,2,2,3.97912109539314e-05,21.0673910172219,78
97,2,3,0.00025497303041009,19.8423814205436,78
97,2,4,0.0212869885218775,18.9268695950133,78
97,2,5,0.000367629614892527,18.9371379111947,78
97,2,6,0.0240419712363826,19.1843867282516,78
98,1,1,0.0667530445903039,19.8814985401758,79
98,1,2,0.000878951894702586,24.3728239926929,80
98,1,3,0.0391161650034189,21.2567915985989,78
98,1,4,0.00167265502587635,24.5581767813064,79
98,1,5,0.000337201544819124,22.995755282283,80
98,1,6,2.69016614814002e-05,17.8588578429689,77
98,2,1,0.0794258966044029,27.8370730481481,78
98,2,2,0.00120907999102952,29.8013245480442,79
98,2,3,0.00027601555616355,23.2596762420844,80
98,2,4,0.000242048548886453,21.5048093364342,79
98,2,5,0.0209001431018751,18.5754060475569,80
98,2,6,0.000327765636394169,20.3824574679267,79
99,1,1,0.0499949841242489,15.7118308723883,75
99,1,2,0.0174929134883737,15.6370708187016,79
99,1,3,0.000238621860212713,15.285730580668,79
99,1,4,0.0162624494759201,15.2045360682125,79
99,1,5,0.000288789075397601,17.6396650598087,78
99,1,6,0.000268573331970749,15.3257854778297,79
99,2,1,0.100279573377217,23.8922447613862,79
99,2,2,0.0216110816834492,19.0460398377018,78
99,2,3,0.000488607410056436,16.3382156879347,79
99,2,4,0.0322780115414995,14.8456983791883,80
99,2,5,0.0355237318674255,17.5768586867654,79
99,2,6,0.000422617892149011,15.5678397649916,79
100,1,1,0.0809065147883199,25.7263744735166,79
100,1,2,0.0284814933917587,20.3897655461846,78
100,1,3,0.000629412673933861,26.9174008162228,80
100,1,4,0.000629952022785079,17.8987701580838,80
100,1,5,0.0479480466531065,22.298263810919,78
100,1,6,0.000597021471530941,26.5456756711827,79
100,2,1,0.195924154167853,21.364630553969,79
100,2,2,0.0679535645210413,22.2100669808929,79
100,2,3,0.0238611981019807,23.0688653200544,79
100,2,4,0.000394093094203263,24.5970766628027,77
100,2,5,0.0240780339668185,20.4185004906885,79
100,2,6,0.0442530513090216,21.687710653004,79
101,1,1,0.0789019195140169,20.8131416794859,78
101,1,2,0.0308714347692892,17.2479988411405,80
101,1,3,0.00104758213127931,18.0347790857966,79
101,1,4,0.000106995971542666,18.5600379550664,79
101,1,5,8.17236837839116e-05,13.4134619004678,80
101,1,6,0.000667339124440232,17.2527633194195,79
101,2,1,0.195980153161209,17.2400827550001,80
101,2,2,0.0618596907479782,14.8970034512532,80
101,2,3,0.000375877810089461,18.7270722985145,77
101,2,4,0.00158728027793702,16.107101406461,80
101,2,5,6.46005454811652e-05,16.2655662835917,79
101,2,6,0.000383949071853278,18.2293660870751,80
