subject,test,repetition,context,g,SD,nTrials
13,1,1,0,0.298413064679731,14.8223031164147,38
13,1,1,1,0.14010836007348,22.3501879562785,40
13,1,5,0,0.0337327738971416,21.4757507593916,37
13,1,5,1,0.00149027456053269,23.660562448548,40
13,2,1,0,0.747284485527553,4.27794278023442,38
13,2,1,1,0.38319089035541,48.3589867349074,40
13,2,5,0,0.0425441138052284,25.7593058765432,38
13,2,5,1,0.133870805379386,20.7136048246914,40
14,1,1,0,0.0390971126631311,22.7803227298994,40
14,1,1,1,0.000308155210828072,16.8857713963524,40
14,1,5,0,0.0300224147148057,16.6299027006301,37
14,1,5,1,0.000535389024628942,20.2295930506653,41
14,2,1,0,0.000432747193234996,25.9414989201231,40
14,2,1,1,0.0765326508954335,25.416590564001,39
14,2,5,0,0.0342108085688016,15.7790329887903,39
14,2,5,1,0.000180244868616041,14.835541983561,41
15,1,1,0,0.112181910245388,23.4150899735176,38
15,1,1,1,0.138370968568783,24.956159935324,39
15,1,5,0,0.0374238551038248,21.2958151687123,41
15,1,5,1,0.0549325512557195,18.2445028756132,38
15,2,1,0,0.368932250468003,29.2030218365801,39
15,2,1,1,0.546654847300102,18.2251613956735,41
15,2,5,0,0.0637365187418011,21.0244693520603,41
15,2,5,1,0.00010788824126232,32.2195203873451,38
16,1,1,0,0.231582997851468,20.3615572919234,37
16,1,1,1,0.147711451803979,25.6393475239964,39
16,1,5,0,0.00424102325455838,35.8067528057718,39
16,1,5,1,0.000928184547349498,25.4767754217415,40
16,2,1,0,0.24014299383953,25.4085597150807,40
16,2,1,1,0.291665501437566,21.2469851968877,39
16,2,5,0,0.0472672703724598,22.0053645115934,37
16,2,5,1,0.108051123514015,15.8628582731322,40
17,1,1,0,0.00296406164190618,24.2584790923532,38
17,1,1,1,0.0720303638036547,21.4789279226277,42
17,1,5,0,0.000712749653402806,20.4829442311451,41
17,1,5,1,5.38068460708089e-05,24.2326180630823,39
17,2,1,0,0.00185043352165806,30.9668896034675,38
17,2,1,1,0.206337793893922,25.7641807356254,42
17,2,5,0,8.21312692881136e-05,20.1108273861914,41
17,2,5,1,8.83096201942588e-05,18.1815868492944,39
18,1,1,0,1.38785906196003e-05,24.2645396336939,38
18,1,1,1,0.000321201165310939,19.2473083080491,42
18,1,5,0,0.0017704366330884,23.8140284499763,40
18,1,5,1,0.00189865967705749,16.8457629615656,39
18,2,1,0,0.178640599917176,24.1852633641037,38
18,2,1,1,0.182192456433454,24.9376913259456,42
18,2,5,0,0.000224662264926507,14.5172742852812,41
18,2,5,1,0.00251768701826637,19.0845111031669,39
19,1,1,0,0.0455568500153145,22.5324246381374,39
19,1,1,1,0.070611051107689,21.3001466595618,41
19,1,5,0,0.044443745333345,19.2531406820364,40
19,1,5,1,0.00145117060726349,14.8097668682728,40
19,2,1,0,0.00163892832965057,28.2831087987808,38
19,2,1,1,0.240641426798083,14.4587198017281,40
19,2,5,0,2.09260008189206e-05,16.8008469480061,38
19,2,5,1,0.000500474835181109,19.3525400879584,38
20,1,1,0,0.00208326049031904,19.8747738706834,35
20,1,1,1,0.00141177847705693,17.218203826939,39
20,1,5,0,0.00179345754982358,18.6390101342107,37
20,1,5,1,0.065351612789472,13.8760541562875,37
20,2,1,0,0.135799664076172,24.8197571163617,36
20,2,1,1,0.279136944186895,15.6797187822782,39
20,2,5,0,0.0012203526163067,17.1777417291087,37
20,2,5,1,0.00131155583629081,14.9925452256199,37
21,1,1,0,0.000537967823154607,18.8864313207602,40
21,1,1,1,0.167262435232731,19.858165795315,40
21,1,5,0,9.63333173320102e-05,18.311015631933,41
21,1,5,1,0.000523265383325355,24.6085789119494,39
21,2,1,0,3.18263164849168e-05,32.9655297636281,40
21,2,1,1,0.0783263621264015,25.2176509338249,39
21,2,5,0,0.00067847479642939,12.9843645225326,41
21,2,5,1,0.000313682643565958,13.6794333818027,37
22,1,1,0,0.000910014996203037,19.5993895033377,38
22,1,1,1,0.0732814360737647,20.7389930118332,41
22,1,5,0,0.0316840210113193,12.5589874861457,39
22,1,5,1,0.000252366619406467,17.9602727092575,40
22,2,1,0,0.00169359646423785,25.2176280613232,39
22,2,1,1,0.24130650048858,23.7244741327758,40
22,2,5,0,0.000106739591579218,14.6363846111411,39
22,2,5,1,0.000162654393197247,14.5238409346292,39
23,1,1,0,0.0721696968121059,20.9681292023609,38
23,1,1,1,0.0685956317170064,23.5581547500475,40
23,1,5,0,0.000340689080844027,27.1993630103861,44
23,1,5,1,0.039898716860852,21.9820973512113,35
23,2,1,0,0.25920664583068,24.5808547661095,40
23,2,1,1,0.05982072924695,32.8457389943876,39
23,2,5,0,8.42863988135475e-05,16.3529437067365,41
23,2,5,1,0.0873902723686006,23.0960694966544,34
24,1,1,0,0.214198778404058,18.8537787901889,38
24,1,1,1,0.183710081471333,18.4435453788312,39
24,1,5,0,0.00136509241278105,21.236188847753,36
24,1,5,1,0.00118512198365214,28.3486581539919,42
24,2,1,0,0.138209675086137,23.2663007641063,38
24,2,1,1,0.121230181174525,24.1979031573654,41
24,2,5,0,0.00162341271123109,17.6690531701393,38
24,2,5,1,0.000211228991784985,16.7039669678149,41
25,1,1,0,0.169874229149518,29.2771612083335,39
25,1,1,1,0.0981629784254134,39.0266563702098,40
25,1,5,0,0.170942579964645,16.1046039581358,38
25,1,5,1,0.000295483986141293,39.697560972908,41
25,2,1,0,0.0860179952839307,33.9762615915813,37
25,2,1,1,0.191260549735765,36.6641579180339,41
25,2,5,0,0.0001464680199455,27.8196566467428,37
25,2,5,1,0.000923493643259349,27.509759262387,42
26,1,1,0,0.000947460188738685,21.7130281887871,41
26,1,1,1,0.000106105732432341,18.4570741975321,38
26,1,5,0,0.00114693675983155,22.7197971399837,38
26,1,5,1,0.000544347611233856,21.5626609673935,41
26,2,1,0,0.262519271964203,30.3666475533225,42
26,2,1,1,0.0402989870823214,26.0202591291188,38
26,2,5,0,0.000359418814748847,24.8940845630661,36
26,2,5,1,0.00149403828218819,31.2356720049881,42
27,1,1,0,0.00383939157791168,24.4626335106072,38
27,1,1,1,0.0384558676202598,16.3550772099128,40
27,1,5,0,0.0361243808684514,15.2017256600409,38
27,1,5,1,0.000358363288655211,23.6326919744951,42
27,2,1,0,0.11185288559805,23.3727552347172,39
27,2,1,1,0.0745222384944619,32.7294057690307,40
27,2,5,0,0.0536696415192962,17.2961977793352,38
27,2,5,1,0.00111212221768563,23.5235437757732,40
28,1,1,0,0.0237335952475844,21.9726183611932,39
28,1,1,1,0.00119795022180933,21.712074978846,41
28,1,5,0,0.000545731735762493,20.0370365877665,39
28,1,5,1,0.0589567356872202,18.6099916929701,40
28,2,1,0,0.00389230348061239,41.3240948759124,39
28,2,1,1,0.0470010512754007,23.2861073466527,41
28,2,5,0,0.037133920442005,16.1237677765406,39
28,2,5,1,0.000959523978874749,17.1309553020615,41
29,1,1,0,0.0688746789779154,20.794890998071,40
29,1,1,1,0.0744828810830634,27.3891934264672,39
29,1,5,0,0.0671524627792048,22.6904002244357,39
29,1,5,1,0.147982938690582,19.2654684226954,41
29,2,1,0,0.534756467996692,19.4850183278866,40
29,2,1,1,0.332675026130414,42.8402077063128,40
29,2,5,0,0.0843921353573352,25.829278048397,39
29,2,5,1,0.0598140834881565,22.0189177457253,39
30,1,1,0,0.150304528306133,41.5652523226111,39
30,1,1,1,0.108343436977634,25.6034692469478,40
30,1,5,0,0.037599886650012,22.1230257916907,41
30,1,5,1,0.165385641498028,24.0472464147238,39
30,2,1,0,0.0720088125765191,45.384227549062,39
30,2,1,1,0.269902738527163,22.6511791085674,41
30,2,5,0,0.000465040429337957,22.4272406278852,40
30,2,5,1,0.0802294377405564,21.7070491156403,37
31,1,1,0,0.0314786703097721,12.4502374899639,39
31,1,1,1,0.000122285824833058,14.570525160184,40
31,1,5,0,0.00214456216017692,18.3830494573412,38
31,1,5,1,0.000913348832421687,17.6507906398654,41
31,2,1,0,0.0396921443033869,15.6594017922792,38
31,2,1,1,0.000408116773534469,20.7191322227754,40
31,2,5,0,0.000148079958999895,16.3895566600818,39
31,2,5,1,3.38062328880881e-05,17.0358784085896,41
32,1,1,0,0.000841375347120056,14.230732745097,38
32,1,1,1,0.00122320578825088,24.3261947290876,42
32,1,5,0,3.27870799514546e-05,21.0308761214186,41
32,1,5,1,0.0643813628048999,16.4266252418269,39
32,2,1,0,0.0823478936412921,25.5728102372416,38
32,2,1,1,0.036179167687813,21.9618614353314,42
32,2,5,0,0.00164362659148402,18.7529320231638,41
32,2,5,1,0.000350594878240996,17.6644506033066,39
33,1,1,0,0.14609524670916,18.9097398958543,40
33,1,1,1,0.107987589331647,23.06682239218,40
33,1,5,0,0.174867306935128,17.93200880376,41
33,1,5,1,0.000432647384958392,19.8105742636692,35
33,2,1,0,0.148937501746793,20.8243400758772,40
33,2,1,1,0.124143745618412,43.4954678934998,40
33,2,5,0,0.0782682706352619,24.4867459342497,41
33,2,5,1,0.00233116163979515,29.5744269034213,39
34,1,1,0,0.0910639408515969,17.7336350397332,40
34,1,1,1,0.15273305806225,29.4948706915634,40
34,1,5,0,0.000371241939330128,18.6603298860269,41
34,1,5,1,0.0722424762356527,18.632833018845,39
34,2,1,0,0.475048904163547,23.8445094501057,40
34,2,1,1,0.439599579499506,23.6573823306547,39
34,2,5,0,0.0704859072581921,15.3492393428746,39
34,2,5,1,0.102366461973298,17.9794234967369,39
35,1,1,0,0.0440889531719908,24.9899351005235,39
35,1,1,1,0.0249458198579094,22.9018183896087,41
35,1,5,0,0.0520574306123828,16.585284186217,41
35,1,5,1,0.0808897055145311,23.1326805114465,39
35,2,1,0,0.0484893249036339,26.7095824262301,38
35,2,1,1,0.117656656158983,26.438450946587,40
35,2,5,0,0.00107936683550534,21.6884311321406,39
35,2,5,1,0.000890268512787201,22.4243459622905,39
36,1,1,0,0.0823476111775818,19.7814684265951,40
36,1,1,1,0.0492607191892375,19.1938606674684,40
36,1,5,0,0.000441030588957433,16.5115487722167,41
36,1,5,1,0.115983193300796,12.2496091263576,39
36,2,1,0,0.169187957700088,27.1923319849992,39
36,2,1,1,0.390419132662712,16.8544191295422,40
36,2,5,0,0.000445095175817515,16.7161284364589,41
36,2,5,1,0.000372574036275554,17.2975688727495,38
37,1,1,0,0.175710546208943,15.291081368847,35
37,1,1,1,0.0558544824010222,22.3932763673218,36
37,1,5,0,0.0451917432081783,19.8634583553395,35
37,1,5,1,0.0577217568865849,21.3296315747523,34
37,2,1,0,0.428350268434058,19.3338856898241,36
37,2,1,1,0.240689684907211,36.7418924049408,38
37,2,5,0,0.000270618350776516,24.5044338165688,37
37,2,5,1,0.00227939945718401,24.2215225214188,38
38,1,1,0,0.0841304752249759,26.4624074305973,39
38,1,1,1,0.000151933087628828,23.6549126261431,40
38,1,5,0,0.00246491512268449,28.848931218496,44
38,1,5,1,0.000454937845914796,18.8305330332738,36
38,2,1,0,0.264551892817417,21.2768580493157,40
38,2,1,1,0.344203474858606,21.9427730110927,40
38,2,5,0,0.00146291281475772,27.8314386297561,44
38,2,5,1,0.00220653311558678,25.929303762589,36
39,1,1,0,0.149609773701746,14.6367201937911,38
39,1,1,1,0.0387218780472611,22.2580178010065,39
39,1,5,0,1.49592280832347e-05,21.1750845506906,37
39,1,5,1,0.000235180393464524,20.2673277762159,42
39,2,1,0,0.119217696063643,22.0330209102024,39
39,2,1,1,0.117070645100796,22.3045683084418,41
39,2,5,0,0.0644528902909951,14.7384454271661,35
39,2,5,1,0.000135126212854227,20.9385192728502,41
40,1,1,0,0.081368331597769,17.1448815419214,39
40,1,1,1,0.0395388171785339,18.0229762783427,40
40,1,5,0,0.00207561165126328,15.622383662318,41
40,1,5,1,0.000302400261456439,16.0411717941644,39
40,2,1,0,0.082060340385001,17.6065947972419,37
40,2,1,1,0.103705029032219,17.0612035386571,40
40,2,5,0,0.000795372991069306,12.0699852201209,40
40,2,5,1,0.0350886886984313,15.1638279717109,39
41,1,1,0,0.105790671837964,14.2993141077835,41
41,1,1,1,0.0353927878920542,18.0172799786533,38
41,1,5,0,8.88235061584277e-05,17.0270645500485,38
41,1,5,1,0.000240594314320411,22.5100336247792,42
41,2,1,0,0.0150996916255155,36.7685861016298,39
41,2,1,1,0.253082154318029,18.8023384461959,38
41,2,5,0,0.000172455462507947,19.8830960915021,38
41,2,5,1,0.00299219450526172,20.5433382322797,42
42,1,1,0,0.140214586148642,19.7202968300938,37
42,1,1,1,1.45686584898837e-05,23.6493438093149,41
42,1,5,0,0.00144250582647946,22.8035412981632,38
42,1,5,1,0.0765866596577743,22.2286458253055,41
42,2,1,0,0.138208733730333,36.699840905059,39
42,2,1,1,0.100451019520638,41.453987236567,40
42,2,5,0,0.0806659745680557,17.0419672347127,37
42,2,5,1,0.000587529192781839,25.3642370068112,42
43,1,1,0,0.131684375381939,14.8236280805765,39
43,1,1,1,4.94080070052652e-05,23.6235447311139,41
43,1,5,0,0.00147693931208853,21.6113680521028,38
43,1,5,1,0.00339578393448678,24.0155535415993,41
43,2,1,0,0.0453123783490144,33.9603308892092,39
43,2,1,1,0.0806485569644625,29.3965025425965,41
43,2,5,0,8.67994958753332e-05,28.6462807643673,38
43,2,5,1,0.00100402671824111,24.1841836126247,42
44,1,1,0,0.0481568410524666,16.3156824891047,40
44,1,1,1,0.081255998013962,13.1222317516793,40
44,1,5,0,0.00163743625045578,11.0233214813885,39
44,1,5,1,0.0335108612601668,16.8107379125704,41
44,2,1,0,0.106624140334219,23.0376447469475,40
44,2,1,1,0.00155182934359539,26.6435219606578,40
44,2,5,0,8.67636729046661e-05,15.7125501475402,39
44,2,5,1,0.000237840397351609,14.810928685168,39
45,1,1,0,0.0773524613233288,25.2658276823347,38
45,1,1,1,0.00629795698847796,21.5634091761595,39
45,1,5,0,0.0375365662980696,15.6795959723247,39
45,1,5,1,0.00139267816645427,25.1471393338785,41
45,2,1,0,0.173438398317919,29.6537713773858,39
45,2,1,1,0.00191552819610528,27.7354547684708,39
45,2,5,0,0.0958410186579342,19.8177280410194,39
45,2,5,1,0.0362901199443599,17.822761931936,41
46,1,1,0,0.00361256299451808,31.2124725317001,39
46,1,1,1,0.0620881593730395,22.1370693477573,40
46,1,5,0,0.0538776303909458,23.5478032355278,37
46,1,5,1,0.00154682307817979,26.7978831243609,41
46,2,1,0,0.372737738982016,23.5842908959681,40
46,2,1,1,0.268611711046714,37.9741240128722,40
46,2,5,0,0.0010237146605169,28.8098298349844,38
46,2,5,1,0.114781431583448,28.7048601190793,39
47,1,1,0,0.0438872333448316,23.8263827999632,36
47,1,1,1,0.0749053410152092,19.6964167506689,39
47,1,5,0,0.000210710654602568,23.6556003942331,41
47,1,5,1,0.00429833386840562,22.1851457686325,37
47,2,1,0,0.130421736643245,33.3064227572263,38
47,2,1,1,0.237602906979065,16.1952667683132,42
47,2,5,0,8.20917397929555e-05,16.1520810679785,41
47,2,5,1,0.0759862429799249,14.9134939661644,39
48,1,1,0,0.00121354809759115,18.0934333712188,40
48,1,1,1,0.000324789845528409,22.2394880313181,40
48,1,5,0,0.000339657418162667,15.4202392426549,41
48,1,5,1,0.000462117427283507,16.0245491814191,39
48,2,1,0,0.107919367940935,17.3831992103185,40
48,2,1,1,0.167580839225376,22.8423175192989,40
48,2,5,0,0.0460615431670594,17.3737348594381,40
48,2,5,1,0.0359166100010075,17.8294602242519,39
49,1,1,0,0.0785399894346427,19.8335170391664,39
49,1,1,1,0.000918570464240386,19.6113010929272,41
49,1,5,0,0.000500038456394295,18.8198298002234,40
49,1,5,1,0.00134091451070606,20.588663396587,40
49,2,1,0,0.0742302417918026,21.3875866563669,39
49,2,1,1,0.000120187499570362,25.10866175886,40
49,2,5,0,0.000691157920375374,16.0925412415882,40
49,2,5,1,0.0777020557556605,17.3723806450509,40
50,1,1,0,0.156673234813174,25.1011160369289,34
50,1,1,1,0.00586594510968969,26.6388170465177,35
50,1,5,0,0.206836750078001,18.230882683939,35
50,1,5,1,0.225226279546662,30.4524804021821,34
50,2,1,0,0.000178378844214272,53.1650807021814,32
50,2,1,1,0.145994163848093,40.3219304251556,34
50,2,5,0,0.20079468400198,21.5958023120782,35
50,2,5,1,0.393434544258534,26.917801958178,35
51,1,1,0,0.0421007885254161,19.9794437659821,39
51,1,1,1,0.0741643346430183,18.0755510087618,37
51,1,5,0,0.000367360844857015,22.8797252993394,39
51,1,5,1,0.0497395308448996,23.079563718171,38
51,2,1,0,0.0816748901023265,32.1219139846326,37
51,2,1,1,0.206750088420933,16.29978081491,36
51,2,5,0,0.000299370450547905,15.5394650971998,40
51,2,5,1,0.000986637933459229,18.520004488306,38
52,1,1,0,0.0752584309100136,17.7262103485451,38
52,1,1,1,0.000705724500490394,16.9146707504954,39
52,1,5,0,0.000142080792729222,13.9230545011821,37
52,1,5,1,0.000182891635211392,20.3648328277351,36
52,2,1,0,0.061374430269714,22.0507918989711,39
52,2,1,1,0.000471676966666598,26.3404852676955,40
52,2,5,0,0.000126901361918112,18.6826462109495,37
52,2,5,1,0.000259191113116068,13.9033055531073,37
53,1,1,0,0.000366744785952704,33.8032534600266,40
53,1,1,1,1.25877581178238e-05,18.1047441958516,39
53,1,5,0,0.0248635527620741,16.3750031866357,44
53,1,5,1,0.000334019396581754,17.4247043194089,35
53,2,1,0,0.133239784682893,28.2247874106618,40
53,2,1,1,0.125174295574656,20.4896143586994,40
53,2,5,0,0.0389928483390035,17.0526287657219,42
53,2,5,1,0.00145993597062402,18.8980710088605,36
54,1,1,0,0.00166902857485744,18.4587225621523,33
54,1,1,1,0.0931718128385829,16.7480999760441,34
54,1,5,0,0.000341024973140857,15.683890007136,36
54,1,5,1,0.000857594486532203,15.7796600544563,41
54,2,1,0,5.6629070877408e-05,21.4424206404448,32
54,2,1,1,0.0816344326034833,18.059691747862,36
54,2,5,0,0.000265233858017027,12.7480931333069,37
54,2,5,1,0.000947200008700493,13.3249228131686,40
55,1,1,0,0.0418520782718521,13.9893973425378,38
55,1,1,1,0.000318226852002191,19.3714595572129,40
55,1,5,0,0.000583701894204525,12.2793499269554,39
55,1,5,1,0.0373721021098585,13.3563324932678,39
55,2,1,0,0.0448115847032232,24.5168615555358,40
55,2,1,1,0.165974904668045,19.4997172848897,40
55,2,5,0,0.000838784919391997,18.6207107631771,41
55,2,5,1,0.000114807809302002,22.3002014715094,39
56,1,1,0,0.163788545257794,14.9622557149567,41
56,1,1,1,0.161399400303888,21.5752592898132,37
56,1,5,0,0.105505623232408,16.3745160600257,38
56,1,5,1,0.0363202697977592,21.5993995597097,41
56,2,1,0,0.510377768347217,21.5774298384388,42
56,2,1,1,0.418815384851054,20.6209604362294,35
56,2,5,0,0.122795942698814,25.5559369338213,37
56,2,5,1,0.0605789486986431,26.8365550028753,40
57,1,1,0,0.0867992753934336,23.701349000002,38
57,1,1,1,0.000407567840534792,25.5479710877455,41
57,1,5,0,0.000198141439578005,21.0826691100105,38
57,1,5,1,0.0699089675449217,21.7899701612592,42
57,2,1,0,0.397787159160099,43.1448350631894,39
57,2,1,1,0.268847263382448,52.1911678547568,41
57,2,5,0,0.0689909513636289,21.2887625282469,37
57,2,5,1,0.000332273378885597,25.9394722905152,42
58,1,1,0,0.000469976775164267,26.6570319951913,39
58,1,1,1,0.00200740366935691,19.0365997530499,41
58,1,5,0,0.000117411123614849,12.651720889446,39
58,1,5,1,0.000400152737854018,18.9100307298114,41
58,2,1,0,0.0293097946208992,17.1630309429624,39
58,2,1,1,0.000872543997458657,20.9785778676371,40
58,2,5,0,0.000268884714272298,16.9970477558159,39
58,2,5,1,0.000794027211064675,16.5538780441574,40
59,1,1,0,0.117173333734416,23.0599485397281,38
59,1,1,1,0.138766801920869,31.8490624330809,36
59,1,5,0,0.00021332822541275,18.374347361985,39
59,1,5,1,0.0357437658642843,18.425659829868,40
59,2,1,0,0.0649820026743657,37.5804907988532,39
59,2,1,1,0.253276448301081,22.7317289007811,39
59,2,5,0,0.0776360809097342,18.0784784634589,38
59,2,5,1,0.000404609121841972,20.2830368067715,38
60,1,1,0,0.000153353644739463,23.4952919255602,38
60,1,1,1,0.000298981680474158,25.4479987541037,41
60,1,5,0,0.000478767426261783,16.697116881531,41
60,1,5,1,0.0025038112195762,19.9226166985514,39
60,2,1,0,0.150181823555394,19.8451558978418,39
60,2,1,1,0.162390348049173,18.7469665165563,41
60,2,5,0,0.000335718229376916,19.0404729858102,41
60,2,5,1,0.000308841290427551,16.756291251856,39
61,1,1,0,0.0279805627658044,43.5843236710621,40
61,1,1,1,0.112417960617602,24.4342317269962,40
61,1,5,0,0.170559878240688,21.4213363111082,39
61,1,5,1,0.0971401185435976,34.9183439409139,41
61,2,1,0,0.461405964904397,28.387011896946,40
61,2,1,1,0.00407611170501651,59.7710426023295,40
61,2,5,0,0.130330682041426,32.4940186674352,39
61,2,5,1,0.132933932422961,22.1612143359592,41
63,1,1,0,0.100021678128737,14.1229584354953,38
63,1,1,1,0.0815808803552961,15.1875778955893,41
63,1,5,0,0.000381556608446479,15.2076539494857,39
63,1,5,1,0.000575651752584942,16.6204476724681,37
63,2,1,0,0.0351401348907615,20.1174475086377,37
63,2,1,1,0.0747905370144294,15.4324150733389,40
63,2,5,0,0.0366466133782432,15.4156985463727,40
63,2,5,1,0.00166041201747282,14.7894833116949,38
64,1,1,0,0.000818540851415837,23.8808824692637,39
64,1,1,1,0.0734637616993947,18.7890673880145,41
64,1,5,0,0.0854353144784286,21.3372043014537,39
64,1,5,1,0.038605684590625,17.6791539558479,40
64,2,1,0,0.155075784736519,27.3963076405845,39
64,2,1,1,0.137347727058579,27.7898664040732,41
64,2,5,0,0.00207505435421811,23.8253484441895,38
64,2,5,1,0.0323291265387104,16.6047482984495,40
65,1,1,0,0.120119727215804,19.5302017279382,36
65,1,1,1,0.136747315334242,30.4876227050953,40
65,1,5,0,0.222372079209155,16.0014438075396,38
65,1,5,1,0.139261838045182,20.504570369257,38
65,2,1,0,0.556429160752933,26.2853550475444,39
65,2,1,1,0.615496646637089,21.8283213581682,35
65,2,5,0,0.25302972925929,35.3421269132952,39
65,2,5,1,0.506860792798626,19.295479791081,38
66,1,1,0,0.0685623569295331,22.2629971193687,39
66,1,1,1,0.152508269605616,19.469522712724,38
66,1,5,0,8.63034323880961e-05,19.4430349537959,40
66,1,5,1,0.0969484794138222,15.1867658137526,39
66,2,1,0,0.143191845293803,19.0023597480521,39
66,2,1,1,0.249858969817334,28.117073739577,40
66,2,5,0,0.000204390421348111,19.0699841156321,41
66,2,5,1,0.0241997391665837,19.06092430378,38
67,1,1,0,0.0326951910178346,15.4521381761196,36
67,1,1,1,0.000765533940473406,12.9143248462331,41
67,1,5,0,4.65351745984298e-05,11.7813471962312,39
67,1,5,1,0.00182989966843909,13.8844944327708,40
67,2,1,0,0.00190223935623844,21.2541393982718,36
67,2,1,1,0.034091356031164,15.0802941716311,41
67,2,5,0,0.00103078035314337,12.668339253776,38
67,2,5,1,0.000618466499004627,9.98016150879584,39
68,1,1,0,0.0734730647126677,17.9099847963066,38
68,1,1,1,0.0667914102062364,16.9761902028113,40
68,1,5,0,0.119289571338156,14.5917661292467,42
68,1,5,1,0.000663509730502051,18.9281870751098,36
68,2,1,0,0.0668021328516942,26.1575843844628,40
68,2,1,1,0.0501308928051336,22.9161426514134,40
68,2,5,0,0.00139056719385892,29.4707750058441,44
68,2,5,1,0.00149091376797253,25.9143996955596,36
69,1,1,0,0.000314364404991604,14.5134956788362,37
69,1,1,1,0.118724147235647,12.7531136470203,40
69,1,5,0,0.000450644982506299,11.9578796669965,36
69,1,5,1,8.86764231009581e-06,13.1496899316651,42
69,2,1,0,0.0661534690704869,14.557468049208,38
69,2,1,1,0.125708351264768,17.7269033654519,40
69,2,5,0,9.05974664368336e-05,13.2126689926637,38
69,2,5,1,6.71954121250041e-05,15.1098001870461,40
70,1,1,0,0.0353022775666426,15.3306149587188,39
70,1,1,1,0.000398097294254211,23.5542173483917,40
70,1,5,0,0.00141541102036008,18.768708517331,40
70,1,5,1,4.11283189505653e-05,15.9540341141287,38
70,2,1,0,0.0865718539570445,21.882345604422,40
70,2,1,1,0.000597660805202014,23.3467193033465,40
70,2,5,0,0.000298465369812382,14.6331145499727,41
70,2,5,1,0.00157699809571244,23.0830674653244,38
71,1,1,0,0.181196372720565,15.3621356994987,42
71,1,1,1,0.200882855350893,17.6089247443956,38
71,1,5,0,0.0361395185960007,14.1056862005728,38
71,1,5,1,0.00104325961061153,24.2660681266049,42
71,2,1,0,0.267674458183952,19.574245431359,42
71,2,1,1,0.257302332294991,13.8484398015554,38
71,2,5,0,0.000608937803860482,17.683218995249,38
71,2,5,1,0.00153537430894556,19.0326704235728,42
72,1,1,0,9.91299569400861e-05,15.656675891452,35
72,1,1,1,0.000162842617642957,15.3902250130619,39
72,1,5,0,0.000186583289847126,13.0304859190633,38
72,1,5,1,0.000142205464031334,12.5489326225207,41
72,2,1,0,0.0361138407352494,17.0560370543711,39
72,2,1,1,8.48701848678763e-05,13.8375286770827,41
72,2,5,0,0.000316381785708694,12.4714507969431,38
72,2,5,1,0.000256914574509281,11.752636491625,42
73,1,1,0,0.0450123846126072,22.9396606064419,39
73,1,1,1,0.118842337678929,24.5885981402451,41
73,1,5,0,0.254474474562436,13.4608109940378,39
73,1,5,1,0.000955382932411999,28.4446342507986,41
73,2,1,0,0.142060334496714,26.5298493265997,39
73,2,1,1,0.215272675228399,39.9449585885359,41
73,2,5,0,0.051661313198131,22.2872963957324,39
73,2,5,1,0.000122971988353541,19.8842514049344,41
74,1,1,0,0.131287324122389,20.0877188411681,39
74,1,1,1,0.000229199696926025,20.0001801964302,38
74,1,5,0,0.0271314667747871,18.2118501659203,39
74,1,5,1,0.028892393038373,19.7026413488026,40
74,2,1,0,0.0944030713627697,37.1413856855047,40
74,2,1,1,0.0438174939120617,26.955878791454,37
74,2,5,0,0.000527697788306501,21.3753736235486,39
74,2,5,1,0.0724970108157623,14.3334772093591,40
75,1,1,0,0.000474936954754909,22.7372304056589,40
75,1,1,1,0.0824981090265315,29.1384161454991,40
75,1,5,0,0.00137097625615734,20.9054830347243,40
75,1,5,1,0.0410732659631738,19.7983921620809,40
75,2,1,0,0.131809764882733,20.2524589193847,40
75,2,1,1,0.000630410027668986,26.6369693578068,40
75,2,5,0,0.000153343576100778,19.6010594920746,40
75,2,5,1,0.000733315843860183,17.5218843214178,40
76,1,1,0,0.000539253682589058,20.4420631862909,40
76,1,1,1,0.000878244551468484,19.2241210825499,40
76,1,5,0,0.000310969627376271,15.1800450055248,40
76,1,5,1,0.000253377540659702,16.9800728451125,40
76,2,1,0,0.113568922149947,32.1404444212938,40
76,2,1,1,0.339656691482807,18.5347809014019,40
76,2,5,0,0.0515849755991512,18.0707071232904,40
76,2,5,1,0.000254854943377277,19.9830228830101,40
77,1,1,0,0.000554994097276447,23.2588996297019,37
77,1,1,1,0.052836846756438,18.3995961029138,40
77,1,5,0,0.0376866694923052,15.7334186320667,37
77,1,5,1,0.000221292518584374,17.635349146852,40
77,2,1,0,0.038699238315755,20.1445613617504,40
77,2,1,1,0.132893370799792,22.6086034547924,40
77,2,5,0,0.0422704382913614,20.7596087147267,40
77,2,5,1,0.0321593175346113,17.6113803002031,40
78,1,1,0,0.000869610646688071,23.2690918921683,38
78,1,1,1,0.137198905444597,16.421699114917,40
78,1,5,0,0.0312717818547394,14.1155366032916,40
78,1,5,1,0.000483205229119842,20.8931252663344,40
78,2,1,0,0.164640175101846,16.021593964682,40
78,2,1,1,0.0869808689171115,16.8460741595057,40
78,2,5,0,0.0647600606175894,11.9121293568557,37
78,2,5,1,0.000774203311433273,15.9388266039239,40
79,1,1,0,0.141836020102455,15.0771610657188,40
79,1,1,1,0.0783732962407338,19.700898705903,39
79,1,5,0,5.45145142502174e-05,17.5802929358547,40
79,1,5,1,0.00350272272289879,20.2079655243016,40
79,2,1,0,0.167133097997834,27.8199916357929,38
79,2,1,1,0.0170045233998601,32.063821435625,40
79,2,5,0,0.00104513009487559,20.2532051232833,39
79,2,5,1,0.000426791415860408,21.7573515577276,38
80,1,1,0,0.0341608659126974,13.1785221531384,40
80,1,1,1,0.00148699670177238,15.5025457859714,40
80,1,5,0,0.0326109633771627,11.0677967438168,40
80,1,5,1,0.000236784694070434,15.8749485908878,39
80,2,1,0,0.254060733110743,22.4931318840984,40
80,2,1,1,0.0602504487710888,23.0758090476701,39
80,2,5,0,0.0014812068052353,12.8424451184746,40
80,2,5,1,0.000732548832014469,14.8271746232352,40
81,1,1,0,0.213420993621379,21.7574584858227,40
81,1,1,1,0.11791227772596,27.8669222595838,39
81,1,5,0,0.0872210279208779,32.2448300904337,39
81,1,5,1,0.157857992608896,14.6531051201162,40
81,2,1,0,0.363211431518726,36.329686297643,40
81,2,1,1,0.449400387800124,18.8900156385977,39
81,2,5,0,0.00222437828753334,28.0942913702658,40
81,2,5,1,0.00220997288530739,31.6170267517217,40
82,1,1,0,0.000664777044771677,18.1514296221455,40
82,1,1,1,0.000496018204120149,14.3664369838376,40
82,1,5,0,0.000945675624530413,19.0528910629997,40
82,1,5,1,0.103017822616973,13.4202522189331,40
82,2,1,0,0.0999142592258737,18.6732353082411,40
82,2,1,1,0.0611571989638707,23.4716070788826,40
82,2,5,0,3.57212446642722e-05,14.8889083116026,40
82,2,5,1,0.0600736857376026,11.8814892647066,40
83,1,1,0,0.24423455968355,18.6659704282822,36
83,1,1,1,0.239676647626735,18.4094107382989,37
83,1,5,0,0.252954304066919,14.495828363504,39
83,1,5,1,0.0592944078169284,20.4435463024963,35
83,2,1,0,0.129640905143196,33.8591206388579,39
83,2,1,1,0.0735934760431337,31.9482051774665,39
83,2,5,0,0.0434915705543762,21.7312344558818,39
83,2,5,1,6.44245171667508e-05,20.6809486190867,40
84,1,1,0,0.000118231511868789,18.3191021084076,38
84,1,1,1,0.189941841041945,22.8222157439985,39
84,1,5,0,0.0363985204961067,18.2798664414235,39
84,1,5,1,0.000571011823393299,19.9020910884457,40
84,2,1,0,0.288025001753455,28.3205159396114,40
84,2,1,1,0.446380223308089,23.5615878962448,40
84,2,5,0,5.9361217975739e-05,15.151864503764,39
84,2,5,1,0.00153677274439459,22.1146591083597,40
85,1,1,0,0.0922908780501773,20.7351263154436,40
85,1,1,1,0.0901281524702669,20.9435611250897,39
85,1,5,0,0.000142475820069424,18.340009415072,39
85,1,5,1,0.00216922935733155,22.529318297746,40
85,2,1,0,0.173965154058523,21.3939736761162,40
85,2,1,1,0.214411624061146,17.9812617450576,39
85,2,5,0,0.0342347237840151,14.7532838352532,39
85,2,5,1,0.000323265541165655,19.6584089910563,39
86,1,1,0,0.198498947364869,21.3611569804266,40
86,1,1,1,0.0569956229902789,25.0321671111854,39
86,1,5,0,0.0328603794063586,15.5229501977036,39
86,1,5,1,0.0011161061475128,27.1490052058098,38
86,2,1,0,0.000463336210323564,27.4504025716286,40
86,2,1,1,0.00185935263805032,28.9433246984956,40
86,2,5,0,0.0719091570886692,19.5147885465245,40
86,2,5,1,0.00163734546418539,28.462247120581,39
87,1,1,0,9.89979214253665e-05,16.5807468566508,39
87,1,1,1,0.0384804289753313,19.6556758515034,39
87,1,5,0,0.00106050220432001,18.1324666824864,40
87,1,5,1,0.0621364349053332,11.9137284124252,40
87,2,1,0,0.0836959594311356,22.6536158683997,40
87,2,1,1,0.2445925142335,10.901350482695,39
87,2,5,0,0.000424036511589982,12.8577366758223,40
87,2,5,1,0.000199131263565555,15.7337001990421,39
88,1,1,0,0.00122707600534212,14.219330778551,40
88,1,1,1,0.0402637130560774,17.7893536019223,40
88,1,5,0,0.000503715748644949,14.8451426792952,40
88,1,5,1,0.00100409914961271,14.1808694735993,40
88,2,1,0,0.0253277463360843,17.2105383379872,40
88,2,1,1,0.000210961674799972,23.79439380747,40
88,2,5,0,0.000293654229015082,15.9626681803484,40
88,2,5,1,0.000353901686720937,16.0033959856322,40
89,1,1,0,0.000451116159553692,18.5441712800597,38
89,1,1,1,0.0425649081254681,17.9674248829093,40
89,1,5,0,0.0331083484438184,14.3286347773266,39
89,1,5,1,0.0019282748012727,18.7045868363921,39
89,2,1,0,0.212488213839359,20.2312076917833,40
89,2,1,1,0.0801840807222128,20.2391201567197,40
89,2,5,0,0.0742968069938808,16.2070237357044,39
89,2,5,1,0.038096059981979,18.50824789316,37
90,1,1,0,4.32654003849064e-05,18.7977675045612,40
90,1,1,1,0.000617341367225251,14.042787828707,39
90,1,5,0,0.000255198588833791,14.084194165651,39
90,1,5,1,0.000104698747943896,16.9256757495531,40
90,2,1,0,0.0484883337323195,27.6746607920941,40
90,2,1,1,0.000689012745342426,25.0413833181811,40
90,2,5,0,0.00066808301600336,22.8149829281386,39
90,2,5,1,0.000926315208897122,19.7705028657453,40
91,1,1,0,0.00186287070284277,17.2350683486572,40
91,1,1,1,0.000316276139673877,11.7081448947213,40
91,1,5,0,0.000266688075088504,14.3938199772384,40
91,1,5,1,1.02903016288359e-05,14.8603163689298,40
91,2,1,0,0.00245059897182704,32.4681254596552,40
91,2,1,1,0.155732219513291,16.1788268232791,40
91,2,5,0,0.000472586998296214,11.4869507821339,40
91,2,5,1,0.000899659622204306,11.4737246804981,38
92,1,1,0,0.000260280539438767,22.4528879861746,40
92,1,1,1,0.127028498293425,16.9635866127521,40
92,1,5,0,0.0585982057345645,15.4512582429406,40
92,1,5,1,0.00163243363694261,19.1924722945049,40
92,2,1,0,0.190053272245905,24.0483336774274,40
92,2,1,1,0.198044561338929,20.5527183425511,40
92,2,5,0,0.000170875690294855,16.5018453509195,40
92,2,5,1,0.000587563585585101,21.957734855719,39
93,1,1,0,0.00128913301622697,24.9165823939759,39
93,1,1,1,7.08981659529265e-05,21.7264036769705,40
93,1,5,0,0.000220654030770851,18.3744811794824,40
93,1,5,1,0.000517621865939233,22.49073758742,40
93,2,1,0,0.115829495387549,19.4457588298481,39
93,2,1,1,0.114331640033283,19.0876705580248,40
93,2,5,0,0.0684184146982295,17.3664381411797,40
93,2,5,1,0.0458304138184446,21.2251051230227,40
94,1,1,0,0.094934237199297,34.7900869796855,40
94,1,1,1,0.143409507851678,24.3253992062474,40
94,1,5,0,0.0469075086444568,16.6245300755336,40
94,1,5,1,0.000199145920808233,22.6025916048739,40
94,2,1,0,0.297704349491328,28.7544347683257,40
94,2,1,1,0.3775604472737,24.4909067688652,40
94,2,5,0,0.000252292600989721,16.2505892882982,40
94,2,5,1,0.000346057546557092,21.8901093051212,40
95,1,1,0,0.000755660642607736,27.4975641271366,39
95,1,1,1,2.9366755723851e-05,20.7547641339917,38
95,1,5,0,0.000917684389978522,17.0467828456479,40
95,1,5,1,0.00105359683979612,16.9863662569128,39
95,2,1,0,0.162706309730628,15.0443620325757,38
95,2,1,1,0.000440205713328633,23.2553466013594,37
95,2,5,0,0.00189526058385299,20.6878490971887,39
95,2,5,1,0.000462990433281692,20.6020303500776,37
96,1,1,0,0.0737891100118271,19.2508837321665,39
96,1,1,1,0.0915823427223465,16.7878390028487,35
96,1,5,0,0.0385773801392277,18.0818230580281,40
96,1,5,1,8.90875891047371e-05,30.2578368981518,38
96,2,1,0,0.0857082847961464,25.6691581061459,39
96,2,1,1,0.0921822779973106,22.5121348771293,37
96,2,5,0,0.0014201717778652,23.8901992939684,38
96,2,5,1,0.0340986643332855,17.1617626142906,39
97,1,1,0,0.111111513356366,18.5750220556556,37
97,1,1,1,0.16860326371186,18.1266139752578,38
97,1,5,0,0.00013307841539839,21.8553013587736,37
97,1,5,1,3.93228749865637e-05,21.4669006019666,40
97,2,1,0,0.170691799189694,27.6739366709756,35
97,2,1,1,0.0869169192214752,44.7552778073936,39
97,2,5,0,9.39868328002783e-05,20.2363162499735,40
97,2,5,1,0.00204531279913499,18.4871401873671,38
98,1,1,0,0.00021435496679478,21.4956170450325,39
98,1,1,1,0.123449271834273,18.0839299312876,40
98,1,5,0,0.00241263792175998,24.6577167566319,40
98,1,5,1,0.000243195340062015,20.960183661111,40
98,2,1,0,0.000198827833267315,24.5861987318684,40
98,2,1,1,0.178385041522686,30.4193745939647,38
98,2,5,0,0.0365792614644771,17.4213350590023,40
98,2,5,1,0.000766999514155334,20.3386032317514,40
99,1,1,0,0.000609289503888633,12.2578055963232,39
99,1,1,1,0.0954807176207022,19.9158520764285,36
99,1,5,0,0.000312361546076265,17.6356673529612,39
99,1,5,1,0.000607930053413711,17.8892548659926,39
99,2,1,0,0.000487746884656684,25.7629408650164,39
99,2,1,1,0.1816918864552,23.1265152137927,40
99,2,5,0,0.000991795573092375,16.4609916168683,39
99,2,5,1,0.0701154139267266,18.7566371031436,40
100,1,1,0,0.108577116810549,23.9603111495759,40
100,1,1,1,0.00198842279660134,31.981095254886,39
100,1,5,0,0.000549324108855342,21.5726830069375,38
100,1,5,1,0.100067058771292,22.1525868904807,40
100,2,1,0,0.258992360984048,22.5620515184813,39
100,2,1,1,0.150415247076419,19.9168044425258,40
100,2,5,0,0.000265067319518867,18.2826901588929,40
100,2,5,1,0.040074971649931,22.8583265179294,39
101,1,1,0,0.05201880620787,24.119914132378,39
101,1,1,1,0.0837985080602182,18.1241019480856,39
101,1,5,0,0.00124678902278595,12.7085381363834,40
101,1,5,1,0.000606661415924812,14.0476944123611,40
101,2,1,0,0.239285721483885,13.7802320243285,40
101,2,1,1,0.133591805158701,20.7649765328835,40
101,2,5,0,0.00124849980090592,15.1658810382135,39
101,2,5,1,0.000506515532010803,16.9043864384724,40
