subject,repetition,context,interference,g,swap,SD,nTrials
1,1,0,0,0.0634501603682551,0.0015477237445514,27.1839070589022,23
1,1,1,0,0.298198033925855,0.000175877977094105,19.1785787512057,27
1,1,1,1,0.303460785586778,0.297276647912872,110186981.552678,23
1,5,0,0,0.150072948940037,0.00386939469327456,21.8278031394889,24
1,5,0,1,0.509337718467634,0.0013993805191554,38.6511198795928,23
1,5,1,0,0.289771858868784,0.00324644668012476,23.5042039211435,17
1,5,1,1,0.300049769080901,0.00401923804983647,32.96990447054,23
2,1,0,0,0.00350191662393637,0.000765320161688614,19.3736571490742,27
2,1,0,1,0.845407429457759,0.00247952726163991,0.863470326345331,25
2,1,1,0,0.113786218054878,0.000232635491105618,18.9186256986026,26
2,1,1,1,0.709834791586495,0.00154448907436671,18.0770197936396,26
2,5,0,0,0.0791357716925273,0.000449379784429885,13.3716810703686,24
2,5,0,1,0.227596951123559,0.00155853667384239,13.6287938120676,26
2,5,1,0,0.0489450670718512,0.000357713204510366,14.3358072367188,24
2,5,1,1,0.00914685098359123,0.00808886253131615,25.1892863648489,24
3,1,0,0,0.00777713299306973,0.000350712608345939,28.2384811073801,22
3,1,0,1,0.417198028059057,0.00529284570148414,33.7640130993667,27
3,1,1,0,0.00256009673446707,0.00124079583479794,19.6819392238084,23
3,1,1,1,0.368177106088923,0.0112200991880502,36.4253494987123,24
3,5,0,0,0.0485083676422196,0.000479772443077319,17.6549343485105,23
3,5,0,1,0.0605186789405159,0.00364955289676381,18.5867699363943,24
3,5,1,0,0.152469052214202,0.00225116499897252,14.346818843792,25
3,5,1,1,0.00757582907178277,0.000874684934354272,18.313158829641,24
4,1,0,0,0.000757344721746749,0.0015079958518433,25.2335387423538,28
4,1,0,1,0.222276563492791,0.00628007078977844,48.0607645486168,22
4,1,1,0,0.0458552996275037,0.00179930001212406,25.1726716755344,25
4,1,1,1,0.360283859399308,0.000944696079381123,23.5696123924619,21
4,5,0,0,0.00571380301557915,0.00406112624393489,18.6702939932347,27
4,5,0,1,0.10929868919591,0.000313258700928168,16.898952056446,24
4,5,1,0,0.00131130293004842,0.000590813535736989,24.6262460685996,22
4,5,1,1,0.00251775340011721,0.00192324434045091,19.0666351500457,20
5,1,0,0,0.00278065965929483,0.000594216076421133,16.3475442055869,21
5,1,0,1,0.58547727134637,0.00124205232497064,11.2880738603482,25
5,1,1,0,0.0422440038159106,0.000489938954460874,15.7101624607054,23
5,1,1,1,0.10150272439778,0.00504671050103865,19.4405306715907,16
5,5,0,0,0.00284351662683468,0.00141401649293242,11.772327402156,24
5,5,0,1,0.0055580938690981,0.00693197228357511,15.364616149583,25
5,5,1,0,0.00220437920846144,0.00133999246439007,13.1129434990236,24
5,5,1,1,0.000910940713717307,0.0010374245577364,13.9176939440626,24
6,1,0,0,0.00711839223232711,0.00383698174709821,25.8022553832943,24
6,1,0,1,0.0917784372741156,0.000146709024061958,27.2004425803625,25
6,1,1,0,0.0404776547280001,0.000443558607305336,21.6647594717649,23
6,1,1,1,0.136617347549895,0.0010572411299251,24.928500043379,23
6,5,0,0,0.00662389299143163,0.0105575415855233,14.1905387648023,22
6,5,0,1,0.00408444255189731,0.000656648673597063,16.3214671130476,23
6,5,1,0,0.00243736052746162,0.00461617487471124,11.5250513556844,23
6,5,1,1,0.1129314680337,9.65000753635915e-05,22.4179317577732,23
7,1,0,0,0.000978602265800675,0.00184058697246786,18.7907342958382,22
7,1,0,1,0.904182672395803,0.017678165173536,1.72943092676901,28
7,1,1,0,0.0357314555352696,0.00342795308016425,20.2602245511964,19
7,1,1,1,0.684478032534823,0.00644435987878664,27.9789878591484,27
7,5,0,0,0.0102985098678965,0.000180881667092996,18.4220018207848,27
7,5,0,1,0.163078996744593,0.00308972783168312,6.90639859545026,21
7,5,1,0,0.00732337568290414,4.9337186343509e-05,14.7806253846116,25
7,5,1,1,0.000260643653183325,0.00680725914401821,20.6391052706134,26
8,1,0,0,0.0514199674004546,0.00037473052051841,18.3224231931157,24
8,1,0,1,0.247971357703385,0.138503486509074,118.306826566137,23
8,1,1,0,0.00183372686022362,0.00429584251005712,13.7365518099903,23
8,1,1,1,0.405617285825492,0.00750469698327563,29.0253271219516,21
8,5,0,0,0.0657670557603857,0.0012063263609945,11.4685630709427,25
8,5,0,1,0.0041635219176337,0.00275859687102081,14.6017688693164,19
8,5,1,0,0.00134133835854876,4.68470159640895e-05,21.1381774417782,25
8,5,1,1,0.00152977252196572,0.0015027107569167,22.1022883726219,25
9,1,0,0,0.00259782979403697,0.0014418894083262,27.8273770475588,27
9,1,1,0,0.099162272916438,0.00416650209928533,29.1507633579427,24
9,1,1,1,0.644551750441587,0.00139237546400184,21.0421277614136,23
9,5,0,0,0.0934786279667484,0.00613704734628813,26.7413947863798,21
9,5,0,1,0.0553671994291678,0.0022239836552468,20.6936774319183,25
9,5,1,0,0.0348496617708424,0.00146384077854305,24.9706342590208,28
9,5,1,1,0.00369103996863935,0.0059691556876796,30.0253113577047,21
10,1,0,0,0.227077861166964,0.00487081175785234,23.5154734518183,28
10,1,0,1,0.789669738883849,0.00439903210171817,42.5228588043424,25
10,1,1,0,0.163074079882335,0.00273440211064973,23.1853059314035,22
10,1,1,1,0.764635019136526,0.0614107222651019,465.33102707895,24
10,5,0,0,0.0605205504469884,0.00108254556789999,17.6135533776809,28
10,5,0,1,0.437433180563031,0.00578367080277697,20.3929832516122,22
10,5,1,0,0.0013949367192499,0.00108531070012554,23.3239418774148,22
10,5,1,1,0.174718806181478,0.00417928443987723,14.634127624726,21
11,1,0,0,0.066146915479881,0.000997647178162427,20.8249782594164,22
11,1,0,1,0.217380040736281,0.289420234928415,94.0167154007673,28
11,1,1,0,0.0848348804987061,4.30488167176349e-05,22.4048921164938,24
11,1,1,1,0.645701370587593,0.193946241230975,75352.3496954345,24
11,5,0,0,0.0306665963504628,0.00268495188456012,16.8741213909047,23
11,5,0,1,0.118994994617151,0.000877811138506089,26.6101489148626,25
11,5,1,0,0.0201805906971664,0.00145205233658583,23.3939020444804,23
11,5,1,1,0.0733664103528513,0.0018309617444403,32.2144675898476,22
13,1,0,0,0.0753201892844887,0.00200720796999306,13.5217985399395,23
13,1,0,1,0.477743797553458,0.00269287121668346,20.5387597334147,21
13,1,1,0,0.000914903822209373,0.00933093102745644,16.0999588598616,26
13,1,1,1,0.282994005033148,0.00283033602376704,21.1063707037864,23
13,5,0,0,0.00543376674591631,0.00184165928434026,15.1028685100571,25
13,5,0,1,0.000261211184834347,0.0117216710603032,14.9368720446048,21
13,5,1,0,0.0813312760835247,0.000187960635542626,12.2133279129444,24
13,5,1,1,0.00415348576991962,7.54522222349268e-05,18.170445692422,22
14,1,0,0,0.088972954605078,0.00244371803916978,31.3315583998374,25
14,1,1,0,0.00189092978893151,0.0018173679609606,39.2598582574528,24
14,1,1,1,0.272465346911033,0.00570918421677711,46.6638334334514,26
14,5,0,0,0.224956328457662,0.000725676810841549,22.0372646404701,23
14,5,0,1,0.677611967361123,0.0005292948673928,15.6288408510168,23
14,5,1,0,0.223487916348746,7.28286712193341e-05,24.7131076551782,24
14,5,1,1,0.244552114062877,0.00855008493264499,28.1577962591687,21
15,1,0,0,0.0947498094118678,0.000329982119661964,18.7311522042755,22
15,1,0,1,0.0739889619609465,0.0025892681699308,62.701613906214,25
15,1,1,0,0.168061950859677,0.00296830109209101,13.5124694520988,24
15,1,1,1,0.190374801830918,0.790749722513051,12733757166.5621,21
15,5,0,0,0.094956241985619,0.00124263564963268,22.1888388019905,24
15,5,0,1,0.0133890709958842,0.0286677005329581,25.4053088408261,23
15,5,1,0,0.126599028601896,0.0020666952688961,18.5743949839489,22
15,5,1,1,0.00123133368979878,0.000219000556210018,18.3917787805815,24
16,1,0,0,0.00124118051611329,0.00198917962920754,13.7661820252919,26
16,1,1,0,0.00318806968849796,0.00263428666604898,32.7683480676371,24
16,5,0,0,0.0109255492611813,0.00256573556990332,19.6862915308547,23
16,5,0,1,0.224026261817081,0.00101480583728996,19.0714504616311,25
16,5,1,0,0.0555204781339938,0.0021685845875014,21.8482830066366,27
16,5,1,1,0.239897511141947,0.00186736611384034,23.6131812232873,24
17,1,0,0,0.18223808473972,3.25674968595698e-05,31.0036372409269,21
17,1,0,1,0.346639757503796,0.000337783715091277,34.9394584581621,25
17,1,1,0,0.0202683191127917,0.00139499504615412,30.2603340710099,26
17,1,1,1,0.315557968992967,0.640332990595481,3391179.96598926,25
17,5,0,0,0.000284534870057667,0.00156542605974754,14.6999144698162,28
17,5,0,1,0.00481555158500366,0.0120064176571687,17.9130383802564,23
17,5,1,0,0.0131994579020142,9.53985937453411e-05,18.6844724950225,24
17,5,1,1,0.000578370445998472,0.00477673203095654,21.0466696475283,25
18,1,0,0,0.0843963887518498,0.00153252055801824,17.2414832500937,25
18,1,0,1,0.237251669083321,0.0130260880448517,79.9211955165372,19
18,1,1,0,0.145015373664121,0.00248000366155721,16.8135701712788,27
18,1,1,1,0.0744037413515158,0.178054986493707,210141313.079201,18
18,5,0,0,0.00381952195653166,8.61367624159018e-05,15.8502064312303,26
18,5,0,1,0.00510467122226155,0.00551670057665544,14.2783333543674,24
18,5,1,0,0.00717854411745364,0.00224631493319876,17.6534215844813,27
18,5,1,1,0.00153119741290818,0.00479116976636741,16.5095289998916,24
19,1,0,0,0.0652912335630999,0.0019893328250665,17.8679270122277,23
19,1,0,1,0.267526077602785,0.0012473039866006,32.296747898075,24
19,1,1,0,0.0491779787079135,0.000761920992702,27.7145973473397,26
19,1,1,1,0.484497747047155,0.00444651123720043,25.9162513480747,21
19,5,0,0,0.147328062899445,0.00145172349096755,16.5847365756402,20
19,5,0,1,0.272070532665807,0.00202545716885635,13.7187783367671,22
19,5,1,0,0.152440386355938,0.00153151207167108,16.83149416801,23
19,5,1,1,0.328565475166311,0.00120542661411582,14.577132368403,21
20,1,0,0,0.0162999386404096,0.00355053690088738,23.2912545976545,27
20,1,0,1,0.726283803406088,0.0019836786646175,16.2673266783141,27
20,1,1,0,0.00330391128189834,0.000813490477955044,30.4640575946611,26
20,1,1,1,0.449553243766692,0.00693773233178649,91.3728210886725,23
20,5,0,0,0.00074159273095128,8.66953883779911e-05,12.6672281438212,26
20,5,0,1,0.00168881140089749,0.00220690875308286,12.8020339097385,23
20,5,1,0,0.00850785360599158,0.00207915953359938,15.5929328376799,28
20,5,1,1,0.00731386808771321,0.000625963735026307,16.8101787580467,21
21,1,0,0,0.000580491327491433,0.00645464590310499,17.6959541172339,25
21,1,0,1,0.586380844507164,0.000660627845937639,21.5989239132269,25
21,1,1,0,0.0519520731361767,0.00129205696661785,16.2970083344748,26
21,1,1,1,0.311829604136898,0.000651621295366858,27.3347910164357,24
21,5,0,0,0.0149783989295233,3.66474872167399e-05,13.4714671931112,25
21,5,0,1,0.00426843369341257,0.00112170141824119,12.119639138739,24
21,5,1,0,0.00315949484826465,0.000113167542742265,13.4538725889895,24
21,5,1,1,0.058707735551923,0.00150569830963968,12.1272845836902,23
22,1,0,0,0.0189623339979087,0.000897358924884213,21.0834420510507,22
22,1,0,1,0.534496078144424,0.00132280713454265,16.1847642002692,27
22,1,1,0,0.00573094378758468,0.000651408948570735,28.8495570293148,23
22,5,0,0,0.170793878232501,0.00149861634471518,13.8569303896538,22
22,5,0,1,0.0823320184274498,0.00246237533516304,21.6476354347975,22
22,5,1,0,0.0113199695109899,0.000263202901862477,14.3247695362723,25
22,5,1,1,0.00441965154852517,0.00679698299642865,23.3441507941813,24
23,1,0,0,0.14827080756469,0.00595276259082337,22.5644402470919,22
23,1,0,1,0.579768520390585,0.00719456099302869,21.847906088175,25
23,1,1,0,0.0753262957337527,0.0250197202561904,20.6458363193595,25
23,1,1,1,0.175514437102268,0.132434316614503,55381.6441133117,23
23,5,0,0,0.00216045708199339,0.00426566464137525,21.7678666707425,26
23,5,0,1,0.0690377220737146,0.000179994085635485,23.1884998230053,22
23,5,1,0,0.0008859895169376,0.00716817049860766,18.5769284380542,22
23,5,1,1,0.234028837129058,0.00152860680899052,18.2961525064275,23
24,1,0,0,0.126755529184812,0.00335160470948738,16.117897706272,22
24,1,0,1,0.487553195916544,0.00138925546936835,31.2411944953477,25
24,1,1,0,0.174688108341582,0.00161793178198995,22.4424306147352,24
24,1,1,1,0.490266856543308,0.0332193639081094,3640535431.68135,25
24,5,0,0,0.00629405959297214,0.00267742680886721,24.0458688120746,21
24,5,0,1,0.426386868184819,0.00240722342540627,13.7133263199336,20
24,5,1,0,0.0667672256938555,0.00304060805647026,28.9665074281919,23
24,5,1,1,0.44273834501911,0.00100777882922682,17.9054441301695,26
25,1,0,0,0.0612752523560391,0.00888682395030212,21.1307235970401,24
25,1,0,1,0.593544714008046,0.383031924100584,5471.21617828674,18
25,1,1,0,0.273196133773809,0.000108621895967778,23.0479575959822,24
25,1,1,1,0.7906665357404,0.00758610399873919,5.53536882388224,27
25,5,0,0,0.00137589453942588,0.00705392768438616,17.5549364067225,21
25,5,0,1,0.00120903230728476,0.00204920714791139,19.6037127688821,23
25,5,1,0,0.04349849896796,0.00334007588918528,15.2945760884714,25
25,5,1,1,0.00374201531251366,0.00422873568474449,13.1146170406824,23
26,1,0,0,0.00492031099920644,0.00451294153127987,24.1771933526019,19
26,1,0,1,0.633377365676865,0.0117001862055534,19.7921085619542,26
26,1,1,0,0.0636272678607227,0.00305298574530704,30.166992202849,22
26,1,1,1,0.283331715959828,0.135535721870621,751639829.899685,24
26,5,0,0,0.1431534738791,0.000110082217355565,17.5823857864072,23
26,5,0,1,0.102502792582159,0.00132515909230976,19.4160702648039,20
26,5,1,0,0.0424144040124202,0.00101808983015618,22.6107228593728,23
26,5,1,1,0.127357700297785,0.000668084614650854,19.1645964407654,23
27,1,0,0,0.0420594585860491,0.000228285807121262,24.4212677703678,26
27,1,0,1,0.479868220193941,0.00326303451633081,31.612136233482,25
27,1,1,0,0.0798840867616365,0.000520085196000354,17.7267924022257,29
27,1,1,1,0.534130661941028,0.00148336674953733,16.2340718299544,25
27,5,0,0,0.142921463199307,0.000636275578113653,17.341277638017,26
27,5,0,1,0.0427361171027516,0.00116530977794454,16.4281530754751,26
27,5,1,0,0.0187822263010165,0.00469068140618456,17.9490856978022,22
27,5,1,1,0.00345769471315393,0.0023005220114867,22.8916854316314,26
28,1,0,0,0.00161154165294553,0.00422967292877471,19.5800122004965,24
28,1,0,1,0.00758786179363097,0.00610238485196307,34.6634886312997,24
28,1,1,0,0.000368942898456757,0.0120348991432941,23.6655509881941,25
28,1,1,1,0.502621373517422,0.00022417128699833,20.4407118297443,21
28,5,0,0,0.00416107548164906,0.00189628609833053,13.3578337913287,22
28,5,0,1,0.000385814438434873,0.0035618867176035,11.4139068115569,22
28,5,1,0,9.95386470808747e-05,0.00540709127454155,11.4392481956799,27
28,5,1,1,0.0539272362433898,6.18504852539434e-05,12.1853649460114,24
29,1,0,0,0.00313740776396802,0.00675726599010463,48.1789735079825,28
29,1,0,1,0.217987520209582,0.241412503299884,516690.643360107,28
29,1,1,0,0.396405375272092,1.36451194517606e-05,30.8452487475831,29
29,1,1,1,0.490613046402741,0.000194385771871882,28.8138300337992,30
29,5,0,0,0.000107823130703955,0.00148584071652882,21.0639747510402,28
29,5,0,1,0.0462867308666159,0.0012470177791997,24.3800532819519,26
29,5,1,0,0.000143605592733383,0.00379795599135568,24.7078903787565,30
29,5,1,1,0.131814778358593,0.000522616261623641,17.9176104199152,27
30,1,0,0,0.298574055306759,0.00288181567268792,26.6171906067741,30
30,1,1,0,0.00327016596170188,2.45045180115692e-05,37.1068006856008,30
30,5,0,0,0.0054510170964947,0.00646440326801558,22.5631078874472,27
30,5,0,1,0.177371170371404,0.00174621442136859,22.2329404329296,28
30,5,1,0,0.186443604637477,0.00153148574786507,31.1719546406817,28
30,5,1,1,0.00407513570091782,0.00464099915928851,23.2065063533445,26
31,1,0,0,0.0389580671007803,4.90507188373526e-05,15.1857007063407,30
31,1,0,1,0.0122913931696097,0.924475733700941,16635.072204619,29
31,1,1,0,0.000124195126433718,0.00424047231299418,19.832603127419,29
31,1,1,1,0.741213206773399,0.00186042807809774,12.2871766781181,29
31,5,0,0,0.000230631367441819,0.0055479147081871,11.5429059319573,30
31,5,0,1,0.0749016594899675,0.000584158573960809,16.5697731430331,26
31,5,1,0,0.00429891737189091,0.00446853288559006,17.4154516627573,27
31,5,1,1,0.00309577589924507,0.00527806797453219,13.830004404518,24
32,1,0,0,0.00491342974194328,0.000180930321571696,22.4214773726589,28
32,1,0,1,0.453707460799792,0.424506788652012,51498.5977242942,29
32,1,1,0,0.0963696180065033,0.00236767965748478,21.8047496588007,29
32,5,0,0,0.000685328004085956,0.00546902753988106,9.47117787726487,30
32,5,0,1,0.00503271612996462,0.00269185513793569,21.096686880186,29
32,5,1,0,0.0500055109091068,0.00109090122758834,15.4394276526581,28
32,5,1,1,0.00930308890484972,0.00443347273543638,20.2976926799469,28
33,1,0,0,0.131626201365484,0.000533882327145683,25.1333037777413,30
33,1,0,1,0.828999177965578,0.000999403943131633,24.9751222788096,28
33,1,1,0,0.165904443530572,0.000680007991525106,19.8301247416167,28
33,5,0,0,0.00220929536954262,0.0023368839216476,13.4024176205762,28
33,5,0,1,0.294064143472989,0.00210719673306782,8.3759341256256,27
33,5,1,0,0.00102433961139843,0.00340979150567546,12.032253369186,29
33,5,1,1,0.0630655975404344,0.000758705086903618,20.2742544728929,24
34,1,0,0,0.482988238097956,0.00143719844997599,25.509490041951,30
34,1,0,1,0.974589014311935,0.00113111646350185,36.7012360088506,28
34,1,1,0,0.000843658164234483,0.00526521581334195,47.4976836159315,30
34,5,0,0,0.0472761555555599,7.59946178865122e-06,14.8453996877797,27
34,5,0,1,0.0530911741731016,0.0001632879573263,30.7832653349719,27
34,5,1,0,0.00466129393977004,0.00138793510608143,19.9779723955362,30
34,5,1,1,0.211132446974292,0.00257218751964067,24.8838795606182,26
35,1,0,0,0.00129556297876567,0.00543645277420939,14.566679278848,30
35,1,0,1,0.520892279492314,0.00138224400075148,29.1636825017049,28
35,1,1,0,0.0099418523059544,0.00123024026813276,19.4848934735806,29
35,5,0,0,0.0356846193743405,0.000909684225672581,17.8411191518144,29
35,5,0,1,0.00607859535376748,0.00182801879377467,23.8994394910868,27
35,5,1,0,0.00990051125169604,0.00368702368645974,25.3892323428964,27
35,5,1,1,0.0428285744163275,0.000650580092883657,35.3993771635385,27
36,1,0,0,0.0032611457542666,0.0024490649811437,22.3391707798693,29
36,1,0,1,0.397699224951205,0.000210836091734143,69.5825359926236,30
36,1,1,0,0.00257066297148946,0.0056407440271462,25.160490779949,29
36,1,1,1,0.825062729099654,0.00219564936542884,20.5576616898411,30
36,5,0,0,0.00418952800087202,0.00165364724713255,19.4019922691205,30
36,5,0,1,0.117284865982693,0.00212839020792185,21.6043708310835,27
36,5,1,0,0.0036822258200825,0.00273473663382754,17.9468008394197,29
36,5,1,1,0.108926600618746,0.00150688196840683,17.8241609229844,24
37,1,0,0,0.075711057045709,5.55085789878534e-05,17.9740313663148,30
37,1,0,1,0.654769465404957,0.000309831015028977,15.6655824367074,30
37,1,1,0,0.065039376978565,0.00073867040098111,20.3671830789755,29
37,5,0,0,0.00706848441141776,0.00107872392219746,29.9151731196645,28
37,5,0,1,0.168346925439227,0.000435796143987201,15.5801635065513,26
37,5,1,0,0.00232087539168844,0.00260468110004291,19.1335666209516,29
37,5,1,1,0.00606571979715323,0.00424349999413164,23.7271697628774,29
38,1,0,0,0.072019279108321,0.00185088439773583,25.0882118296754,30
38,1,0,1,0.0601174263602651,0.0266153130656327,124.048529304201,27
38,1,1,0,0.222453907109938,0.000470477106089201,17.4902305343545,29
38,1,1,1,0.596043007841019,0.00178558316621916,69.0909788555146,26
38,5,0,0,0.00118587972701096,2.81659810087605e-05,15.6068285496708,30
38,5,0,1,0.0622096236853844,0.00028471355502172,17.4896822397182,26
38,5,1,0,0.000332098721386391,0.00697988869904403,24.337213293066,29
38,5,1,1,0.00305909914576325,0.00413834651758884,16.519148235898,24
39,1,0,0,0.04248757604621,0.000354691035560978,47.675794755549,27
39,1,0,1,0.165587971667691,0.819099650052276,283228.427953241,30
39,1,1,0,0.0546664792569225,0.000924575793299964,27.0641318590052,29
39,1,1,1,0.872458710093688,0.0101088953444233,22.9907660061651,28
39,5,0,0,0.134399086122386,0.000384565841255754,21.2759399315564,30
39,5,0,1,0.109029989878211,0.00140885739433947,19.8566406751238,27
39,5,1,0,0.096823773527799,0.000386539917909347,18.1144685497057,29
39,5,1,1,0.0605988481061422,0.00152202571790449,16.0444627968607,26
40,1,0,0,0.0514007170705877,0.00112689828874316,19.1418310435994,26
40,1,1,0,0.0153688913071711,0.00131913394852212,29.2065222109674,28
40,1,1,1,0.329739205523351,0.0423066076738366,204.80235307637,29
40,5,0,0,0.00492607733816069,0.000421487726039433,20.434214270109,29
40,5,0,1,0.064225562558376,0.000342066156922208,27.6050950900458,27
40,5,1,0,5.90483919096121e-05,0.00497140799349073,17.8279451847025,28
40,5,1,1,0.0135249050207514,0.00215510852873903,27.573007852462,26
41,1,0,0,0.00415821271651659,0.00475883858054364,30.0694924239598,29
41,1,0,1,0.447106342960591,0.0234140997389444,3967.9577583097,29
41,1,1,0,0.14752228586242,0.00191318524662804,21.2940296907898,30
41,1,1,1,0.627049418461889,0.0755998868181801,148.497172746124,28
41,5,0,0,0.00129956081808998,0.00213158433627594,22.2220555393451,30
41,5,0,1,0.18700552154188,0.00296487377726024,31.4889739052827,22
41,5,1,0,0.00710239827969487,0.0076691964910635,16.5014132374925,29
41,5,1,1,0.00679002937732495,0.00335753146170206,36.995637477393,21
42,1,0,0,0.148456726577222,0.00210528149846033,22.385068687818,30
42,1,0,1,0.570713658370434,0.01719963689251,40.8932321796153,28
42,1,1,0,0.072033903963137,0.00195101371963656,26.6794606225539,28
42,1,1,1,0.409498195249975,0.00357449107124878,32.0741626381507,29
42,5,0,0,0.0107075167247674,0.00334174971629601,29.1347943581466,29
42,5,0,1,0.146658828182911,6.59321325948564e-05,24.3699978703188,25
42,5,1,0,0.00212725555635259,0.0088994652076391,32.3406116927964,29
42,5,1,1,0.469726193746157,0.00265422480577164,11.9821078676202,26
43,1,0,0,0.0814307876143226,0.00169209531423832,17.8772629247222,29
43,1,0,1,0.655457475871301,0.0534670744132688,72.3709432425235,28
43,1,1,0,0.0466390300873612,0.000819799800283609,20.0569171053845,29
43,1,1,1,0.664804059422537,0.00184137825209436,18.2105808420809,28
43,5,0,0,0.0725017010972704,0.000616435218658297,14.7873727205378,29
43,5,0,1,0.0704802616923334,0.00196651982259029,18.3972209641237,27
43,5,1,0,0.000325039597941573,0.00152322700373599,19.1683359746559,29
43,5,1,1,0.144224126173898,0.00258636098179042,17.5269910075321,29
44,1,0,0,0.00318151734037023,0.00127180472017575,22.9061153375394,30
44,1,0,1,0.423518036614502,0.00941293834827325,25.2429996078652,27
44,1,1,0,0.00864016666899065,0.00437310072594394,16.0449721975949,30
44,1,1,1,0.350118691292369,0.00241794213703964,25.5319025713081,23
44,5,0,0,0.00556363149691201,0.000158630426087777,13.574819221756,30
44,5,0,1,0.00226982977627231,0.000500002176745037,16.6444838360613,26
44,5,1,0,0.00116123769418055,0.00111021804241434,15.9541742091271,28
44,5,1,1,0.00193244869477525,0.00175075580658837,19.6917266224187,26
45,1,0,0,0.0844260118196181,0.000667417703021018,20.3113994513053,30
45,1,1,0,0.00173696547658922,0.00299210630613401,32.599318646485,30
45,5,0,0,0.0065703257470985,0.00191727815320678,18.5174244544105,28
45,5,0,1,0.156333646300944,0.000852442671989442,20.8082262188597,27
45,5,1,0,0.160142638802159,0.000242545818332447,12.1493087534198,27
45,5,1,1,0.0081152598375167,9.3309666158805e-05,28.4725137152579,30
46,1,0,0,0.56527558037084,0.00501389199740233,18.6366986991774,25
46,1,0,1,0.267288466071929,0.0208382828402285,131.463019010184,29
46,1,1,0,0.500168581739936,0.0068072934185691,37.9126438730732,28
46,1,1,1,0.29492691173653,0.126377181107425,162.16812268362,29
46,5,0,0,0.153546681513127,0.00146305781478654,25.3431906493955,29
46,5,0,1,0.152446829290829,5.19601952751426e-05,17.9960308692843,29
46,5,1,0,0.134580713564833,0.000185020075048808,25.7764427471593,28
46,5,1,1,0.614966608949625,0.00285163989699088,24.1526297624831,24
47,1,0,0,0.0159707155430362,0.00536588930394809,53.8861714508537,28
47,1,0,1,0.601852915803353,0.185880556444203,25042643248.7266,30
47,1,1,0,0.2016231950381,0.000549924497331721,25.4077828153488,28
47,1,1,1,0.589836735841155,0.0272872063964439,198.51594809312,28
47,5,0,0,0.224966264902856,0.000881145366766387,28.8076658164644,28
47,5,1,0,0.0103056599082705,0.0011936625220947,24.1797370805502,29
47,5,1,1,0.627351082847448,0.000274264194625659,21.0798512686572,29
48,1,0,0,0.105287437983106,0.00346572227157698,19.2563670487282,30
48,1,0,1,0.306104278684637,0.0722028509871527,99.068797400255,30
48,1,1,0,0.0852773013450645,0.00235399703839546,10.998559750857,30
48,5,0,0,5.88724660667388e-05,0.00432960447773751,14.1200770488296,24
48,5,0,1,0.141667935124465,0.000153824071424363,17.3208419283578,29
48,5,1,0,0.0016382435817069,0.00282043742705395,19.8625185035002,28
48,5,1,1,0.213214561074518,0.000353054418224642,20.7664775266931,26
49,1,0,0,0.216057609403017,0.000425583363137725,20.7157589924655,29
49,1,0,1,0.406859938848722,0.00079955161454601,26.1756296145201,28
49,1,1,0,0.0550775187368237,0.00055429845360061,23.415078720523,28
49,1,1,1,0.643364959923715,2.00816736625406e-05,11.170773999222,29
49,5,0,0,0.00521012445182935,0.00664652220902064,27.2824297420851,28
49,5,0,1,0.24266551850802,0.00242317149844914,17.3945864594027,28
49,5,1,0,0.113267489538013,0.00132990718334638,18.443012333705,30
49,5,1,1,0.396001236350049,0.00267273451580289,16.8638676340141,28
50,1,0,0,0.00241007044991068,0.000132136936953461,23.5254517418131,28
50,1,0,1,0.814308102055878,0.00523305919905683,2.96351134006545,26
50,1,1,0,0.022268353157569,0.00266984958408624,30.9115025757157,30
50,5,0,0,0.00122116205369117,0.00239995530912077,12.6719650634678,29
50,5,0,1,0.122707298322118,0.000849157838682126,17.9960021302761,29
50,5,1,0,0.00523417374451877,0.000551180778918739,20.0009593458719,27
50,5,1,1,0.000914347709822225,0.00302914422144045,16.2284773109338,28
51,1,0,0,0.00345654573720735,0.00222168204949749,28.5719768893945,30
51,1,0,1,0.369476072078121,0.00238640355107064,26.2965907585465,29
51,1,1,0,0.0578600677932058,2.26499569671613e-05,26.8976455966441,30
51,1,1,1,0.322583339852392,0.000825290247309483,31.2881599544626,30
51,5,0,0,0.00307236463101589,0.000935925341693048,17.6579679259426,28
51,5,0,1,0.00179762038108738,0.00608107416217717,20.7962153690465,25
51,5,1,0,0.00527153095076305,0.00149182470845555,22.9413557587996,27
51,5,1,1,0.0576019337493813,0.00075174774152767,21.0686592240306,25
52,1,0,0,0.014788126384666,0.000352262345532324,24.1386475404242,28
52,1,0,1,0.366132719598361,0.000333987978874788,34.0820563820213,29
52,1,1,0,0.0196270772263731,0.00132278935530362,22.6848214628201,28
52,5,0,0,0.074437326275978,0.000969622169573587,11.0543100019425,29
52,5,0,1,0.143533273873084,0.000224559679707361,16.4977636718821,25
52,5,1,0,0.00994278823323084,0.00253221087081936,13.1620476483008,29
52,5,1,1,0.170621014282122,0.000908743556554312,19.9789038525335,27
