subject,repetition,g,swap,SD,nTrials
1,1,0.380218394290467,0.000326387216464708,30.8750660957058,97
1,2,0.156537607752331,0.000223632836529455,27.2510849346141,96
1,3,0.202949671078103,0.000416644345684728,23.4112005390429,91
1,4,0.279800293895029,0.000483369823782671,18.2441700763946,94
1,5,0.343413667136061,0.000988389698345669,27.0804851826276,87
1,6,0.115772896596721,0.000200505486298921,28.5006271767599,93
2,1,0.413800858137192,0.000122063439024387,17.9804393267509,104
2,2,0.0022908290962207,0.000610292191032073,21.8074698175128,101
2,3,0.0791039789978101,0.000215212588256995,16.396819688136,104
2,4,0.0131767963011728,0.000522734744747771,13.7899400320978,103
2,5,0.120578687103469,0.000240257678297899,16.0965571136986,98
2,6,0.00207729079492994,0.000715775590192355,16.7998657724879,104
3,1,0.224839580107213,9.95838120503923e-05,26.5575840345026,96
3,2,0.0459871526647325,0.000135865933980652,18.8667800855631,101
3,3,0.055717198506824,0.000241056458874411,15.6400861232595,104
3,4,0.052348655303468,0.000161254380761736,14.7137228223,96
3,5,0.0661416318041369,0.000136868709486326,17.6133313167229,96
3,6,0.0196423019326236,0.00103093283708515,17.1680006526316,98
4,1,0.207950747874615,0.000261820421675893,26.4542128108731,96
4,2,0.0723030710897662,0.000286367743288781,19.7305538357846,96
4,3,0.0405039004850462,3.68151334549135e-05,19.3791330623323,94
4,4,0.0859237966486064,1.99556641723216e-05,16.3434538973115,93
4,5,0.0357946163754978,0.000205149602145857,18.9946801859291,93
4,6,0.0149110085595034,7.94199152307226e-05,17.3547690966314,97
5,1,0.180811683584806,0.000485231977127914,16.3714412953077,85
5,2,0.000118492146613801,0.000458882037729747,15.1422286641808,99
5,3,0.00234380664027802,0.000339762276735261,15.6232473564462,94
5,4,0.00168531814341508,6.65397089854853e-05,13.561281390423,99
5,5,0.000524072868745042,0.000371440472118962,14.0618522547545,97
5,6,0.000952923708174908,0.00154909678399179,12.9818956524015,96
6,1,0.0853892418837115,0.000127143124799313,25.5915529697041,95
6,2,0.0400106939428209,0.000646277933002382,20.2460276191982,97
6,3,0.084011414771557,0.000348469540132193,14.2838203237384,97
6,4,0.000327340009817845,0.000611810398236992,16.7521222333146,93
6,5,0.0424124736848775,0.000492416745655406,16.8782852053656,91
6,6,0.0596812751153404,0.000342652545265497,12.4624799696301,94
7,1,0.471979607025316,2.24232340020371e-06,18.6272906276745,96
7,2,0.00910771222019201,0.00057398408224517,20.9702626604769,101
7,3,0.0501190064833793,0.000370743373242532,16.600056432597,104
7,4,0.00104915424129381,0.00089297360658864,18.5082213642717,100
7,5,0.0352068371196137,6.36804953114008e-05,15.7908913705578,99
7,6,0.00163657234515226,2.2023135200772e-05,17.5670049387756,104
8,1,0.29050809253128,5.92316429640369e-05,17.0399961249745,91
8,2,0.027063175808985,0.000493882866334416,15.2395633254319,95
8,3,0.00019208524278549,0.000720005119225415,16.4208507728656,94
8,4,0.00769478268953406,0.000350182450539205,16.4846933309519,98
8,5,0.014547882286983,3.52143569800237e-05,16.6324668577289,94
8,6,0.00175504576758667,0.00226857956491937,15.3818544232936,97
9,1,0.339368185781147,0.000620795421285887,29.3871361213547,96
9,2,0.0548884839843172,0.000244271703067734,28.2893021308813,101
9,3,0.0210839709713721,0.000111809272815882,26.5994257368893,99
9,4,0.0820535414329832,0.000107467016987579,23.8627409030735,101
9,5,0.0294214025321384,0.0010937084949833,25.7415767065709,95
9,6,0.0463223634261476,0.000138757164825251,28.6044456316482,95
10,1,0.571642318526163,0.000445921688751847,23.6555095620012,99
10,2,0.00184020559856137,0.0012430632511388,24.0612727666338,95
10,3,0.0308300863372993,8.47192307903972e-05,22.0874588973326,97
10,4,0.0454047228830275,0.000929416542106864,17.6741383113862,93
10,5,0.155893949050748,0.000323815420273095,18.7839646740982,93
10,6,0.0379028464556228,0.000563909253940936,18.314342346268,98
11,1,0.450795614570525,0.00106924674084565,24.5278942306081,98
11,2,0.00181153807483892,0.000408961789273572,26.8332247124453,97
11,3,0.000510726080128596,0.000905887554285402,25.3563230464673,95
11,4,0.0388152813716238,8.77341715321053e-06,22.4143837958919,94
11,5,0.0555915698109333,0.000192284073204279,25.4512676228007,93
11,6,0.00950888528866263,0.000166692168089039,23.2023208693403,93
13,1,0.202889203256009,0.000723177625860317,17.0088440056283,93
13,2,0.0145618376265031,0.000483998933714202,14.7151467417183,102
13,3,0.0185637827220894,0.000344434093888725,14.5256362953618,98
13,4,0.00119043468544062,0.00146830528452464,13.7140400956961,98
13,5,0.0219326951373374,0.000155682127295264,16.1359993730639,92
13,6,0.00275934004785515,0.000471481254985096,13.8388550748518,98
14,1,0.204116366721791,0.000613858093650671,43.3408402811639,101
14,2,0.0561760494230459,0.000743844252514329,26.747130367172,100
14,3,0.152462106885072,0.000620120958720024,28.8105951769477,97
14,4,0.0649265911427139,0.000360440280715545,22.9607775906151,99
14,5,0.344861327903667,0.00197923437754072,23.5818422344884,91
14,6,0.0837840024854801,0.000285803095741501,22.5512884678178,99
15,1,0.368125315265488,3.18484262624768e-05,22.9121223319532,92
15,2,0.00222850578126323,0.00158098326114077,21.7281260388503,94
15,3,0.0817394786387244,0.000434666981750008,17.8874540142122,91
15,4,0.0495580557939165,6.77304910141853e-05,17.3048054048356,93
15,5,0.0651460729379064,0.000914524033109741,21.1544776015843,93
15,6,0.0694704197760617,0.000299534189251426,19.8203044599303,94
16,1,0.433233378198673,0.000200949466491429,23.1025848718987,106
16,2,0.00131409125229989,0.000387455163237154,23.9990201299772,107
16,3,0.0691788882505513,0.000555429217692328,22.7231571019553,101
16,4,0.0015561211946662,0.000540728800359482,22.0078026302412,106
16,5,0.112148336946384,0.000366264753528696,21.8390324911605,99
16,6,0.0329025263330553,0.00019630514723531,20.5143485986558,102
17,1,0.342140288281776,0.000369368964477429,26.9653273697933,97
17,2,0.00821012660588017,0.000333113858627027,19.8171760318004,103
17,3,0.0104126701412411,0.000570006771875106,17.0687237839717,99
17,4,0.00278008008381686,0.00113555738130895,19.0933242224107,102
17,5,0.0011754693857808,0.000981691425080653,17.745112374691,100
17,6,0.00260449707233893,0.000873667424184229,15.4338453714247,97
18,1,0.414893712511163,0.000260227670575084,17.5053406158257,89
18,2,0.00307356226086899,0.00102507873862639,22.8750459644389,103
18,3,0.00110759787096609,0.000339792726066071,18.7685856234628,100
18,4,0.000109629593941224,0.000706412599827259,16.6608307345702,102
18,5,0.00156191806606018,0.000286363139169517,15.7854859500741,101
18,6,0.000105861667819479,0.00066119746698988,16.2437549019527,103
19,1,0.203380626043893,0.000345722050411979,25.9255797796949,94
19,2,0.091835197970675,0.000721537437241363,24.1182698780964,91
19,3,0.121597178239068,0.000381429841941218,16.6102182282158,86
19,4,0.118302969616881,0.000488217954403871,21.5933258855916,89
19,5,0.223926151391225,0.000162126449674394,15.822664315612,86
19,6,0.0527180548707201,0.00012525114376297,19.8417550787795,89
20,1,0.40955868307919,0.000316699588440376,22.4749736963876,103
20,2,0.071102051073333,0.00018688216500917,17.8695722035703,105
20,3,0.00312152213095004,0.00232279656861134,15.5208359964083,101
20,4,0.00220200797389055,0.00135464718975966,15.2401490240581,100
20,5,0.0144305601346386,0.00050168581827827,13.5864475528287,98
20,6,0.00115711260941376,0.000441493058732679,12.7325117758702,102
21,1,0.231598102123706,0.00158658541767242,20.4099668603798,100
21,2,0.0225734171970991,0.000728400084218159,16.8561877843058,103
21,3,0.00144618464033577,0.000927038455890338,13.7970595477089,104
21,4,0.00386714533587194,0.000479580921168568,13.6462957149522,104
21,5,0.0237697352753902,0.000429717740498393,12.7866929013996,96
21,6,0.0116083845552805,0.000416075960617653,10.9052816310968,102
22,1,0.346049918265078,0.00129643430564648,22.0612936931816,95
22,2,0.0315788839589748,0.00034083725838721,20.9104945420409,95
22,3,0.0637635560335629,0.00015145843760727,15.4297021390244,94
22,4,0.015823009505174,0.000267213555640564,14.0655866007965,94
22,5,0.0428128868294171,0.000295490468741446,19.0687139022346,93
22,6,0.00330640724907732,0.000582471432027756,15.1026972345349,92
23,1,0.410727563863167,0.00111998365177829,23.0173727098716,95
23,2,0.0818519851503303,2.43588154305247e-05,21.3229986208536,96
23,3,0.028944561991352,0.000410289665124652,27.9455376648005,94
23,4,0.000305227003613661,0.00321364840533118,26.1355145309586,99
23,5,0.0643280254714616,0.000438130712419209,20.6497176397957,93
23,6,0.0477289859704626,0.00016217497627735,22.2619829594871,98
24,1,0.4530816531281,0.000634978016103899,19.0287047197873,96
24,2,0.00066343555993837,0.000657116133367974,30.5361498435865,92
24,3,0.0187014526331038,0.000184560629164054,23.5222179478739,94
24,4,0.0935664121096873,0.00144366616596616,22.0701926781551,95
24,5,0.220141636122887,0.000672592418953117,23.1049647519016,90
24,6,0.113185404847157,0.00119754119423876,22.0373412166196,90
25,1,0.33680659563975,0.000704568089608542,22.1101736933881,93
25,2,0.036075103476289,7.35370957507609e-05,16.9292329356431,95
25,3,0.019327652298591,0.000422337863965325,15.0732870426009,95
25,4,0.012980077565237,0.000595736943984356,15.5620320176433,96
25,5,0.0194227494283978,8.36339008736947e-05,16.7537837765352,92
25,6,0.0245359657071468,0.000106019167525157,13.4782407842464,93
26,1,0.322435896318859,0.000461586651973361,37.1219707946392,91
26,2,0.074132819379793,8.72462232201572e-05,22.0096276937294,93
26,3,0.0759643387936959,0.000210230614998278,23.7596235801365,91
26,4,0.000155651592054268,5.00044415049545e-05,24.2549046842562,87
26,5,0.10240777527509,0.000556947430436805,20.0035012775804,89
26,6,0.0658094117657447,0.000848229573835173,22.4851847367799,90
27,1,0.254646661395994,0.000211210642036733,22.2699143044388,105
27,2,0.0159825451041945,0.000358551167538346,16.6351254485655,109
27,3,0.065880736538086,0.000261206120952934,18.9192511417298,105
27,4,0.0426488388426757,0.000227534651649158,15.7759290907711,103
27,5,0.0283863492661484,6.29962531905412e-05,18.8972056795296,100
27,6,0.00127303595781753,0.000184276881464118,16.840087705911,105
28,1,0.142871100591022,0.000550983029708093,24.8736113864739,94
28,2,0.00211987192486398,0.00132466690523956,16.6397077040607,97
28,3,0.0149583529793125,0.000652521649077313,11.6001111153117,98
28,4,0.00103730437142875,3.75738899586029e-05,10.2829716753379,96
28,5,0.0148288077403127,0.000175719029570054,11.6220277716038,95
28,6,0.0165091444569101,0.000283212478157061,9.81706788818165,94
29,1,0.400670875289422,0.000443490156451118,37.3326278235574,115
29,2,0.0818017769947332,0.000156365100345402,22.616551695837,116
29,3,0.00493654781342432,0.000185480490700525,24.9037466150325,113
29,4,0.0635337695580712,0.000115141640184321,24.7256859551375,116
29,5,0.0552400495496044,5.29588035442915e-05,21.283201715199,111
29,6,0.0656527189794238,0.00022710727175457,24.2243736429922,113
30,1,0.362744582288619,0.00088132219564506,39.4857747524253,119
30,2,0.0478696270559423,0.000747548359455588,24.9286803536019,117
30,3,0.000614582527103479,0.00146445912484276,25.4777841588793,114
30,4,0.00103594537492591,0.000289893328415617,22.1353745979956,112
30,5,0.102587791328459,4.1194742882225e-05,23.2253985229764,109
30,6,0.040324238094593,0.000432080032350411,23.2287984589428,113
31,1,0.425707776243952,0.000108989122526285,16.3190033759209,117
31,2,0.00103838266354373,0.000627028297972506,18.3664506381311,117
31,3,0.000444000729248789,0.000351193771779701,14.3750427355972,117
31,4,0.000757213729441747,0.000882343152344989,13.1831137722826,112
31,5,0.0146527134661264,0.000310132882624213,14.734245102366,107
31,6,0.0126735378865387,0.000457180361298031,13.1221825638526,113
32,1,0.423708092212379,0.000125116186592519,18.4893209400652,116
32,2,0.0191560232982763,0.000165293163256656,17.9355116974705,115
32,3,0.0317838870516834,8.93702079363647e-05,18.1879021795662,114
32,4,0.00427737481212516,7.29637881865092e-05,16.6428987414375,113
32,5,0.0356031378537644,0.000219645223801655,15.6484592596523,115
32,6,0.00955259209710166,7.11254816163536e-05,13.8457031563596,110
33,1,0.438527258937957,3.78514600252321e-05,23.1127440502406,113
33,2,0.0643518076836428,1.04963300322359e-05,23.6211776676141,120
33,3,0.042877886432908,8.10396520567072e-05,18.271908509335,117
33,4,0.00369666033998713,0.00104801682870331,16.7396771786946,115
33,5,0.0595270401045531,0.000952073158555023,15.4448556351704,108
33,6,0.00259946819040545,0.000716158843087577,14.5440067470526,111
34,1,0.512743970303924,0.000916747790223922,45.9834612935704,116
34,2,0.060872488379088,0.000604145408231518,20.7100037187286,117
34,3,0.0445987229737599,1.075118310111e-05,20.9058608507061,114
34,4,0.0745878925140081,0.000449640976945413,21.293282856751,113
34,5,0.0866620770160764,4.35900693902784e-05,22.0503658896124,110
34,6,0.0329524815492517,0.000207523823481059,23.0348257504358,113
35,1,0.286428615498366,0.000683116364321262,18.4620146895872,111
35,2,0.02621263337044,0.000423891333228899,20.3885501852694,118
35,3,0.0256557156675299,2.6547399344545e-05,17.8826784955308,117
35,4,0.0205965572791962,0.000233441661232236,17.2015361692128,116
35,5,0.0431711109487524,0.000717805282410192,24.2521284708216,110
35,6,0.00151521817583466,0.00049989709361445,17.6008490371939,112
36,1,0.438681491292616,0.000283597985592783,23.1790332442813,118
36,2,0.0017578997346468,0.000902534970271265,22.8245187172582,117
36,3,0.0132349022941825,0.000105692813227872,17.3860339871628,110
36,4,0.00839581124574249,0.000205419468166765,17.8425842756863,114
36,5,0.058380992705885,0.000188060806987277,19.1723452506228,110
36,6,0.00767829446271792,0.000151848613533082,15.2160857831221,115
37,1,0.42772940446868,0.000402073153854369,18.8413540083268,119
37,2,3.80122821955851e-05,0.000647702716483407,22.0030502685203,113
37,3,0.0412648496413031,0.000138870429934757,23.67876810406,113
37,4,0.0565520196938452,0.000822479556392886,20.0520728690665,114
37,5,0.056098344235599,0.000358546337004866,22.6921147467378,112
37,6,0.00187955217828023,0.0005506671809995,19.7627903006176,112
38,1,0.516395756972304,0.000353739242602624,20.0632011961518,112
38,2,0.125047611646277,7.08603963887149e-05,19.5184755967233,117
38,3,0.0465208936158396,0.000481256397597668,19.3830874834443,115
38,4,0.0536143499355695,0.0005742829834443,20.5193073609984,115
38,5,0.0263018453431391,6.85235165599084e-05,17.5653529385819,109
38,6,0.0836502574964017,8.42205035302483e-05,14.9695897344509,116
39,1,0.50921249297923,7.05821520462261e-05,25.053341704379,114
39,2,0.0514959013523066,8.51653106283476e-05,20.9982555266471,118
39,3,0.119996417187261,0.000121626777975608,16.3108605913266,117
39,4,0.100023974418703,0.000103884370142953,18.4641161706502,110
39,5,0.0886526977930069,0.000111595322584844,19.4295122663643,112
39,6,0.0665985810165132,0.000115443947344734,17.0040150277851,113
40,1,0.496329741872793,0.000425217238908561,21.7174130912771,111
40,2,0.0639618924881055,5.85335512686749e-05,20.7729465004198,115
40,3,0.00553365818893122,8.25311534247248e-05,23.1520262604807,115
40,4,0.0333453215834896,0.000948585051555728,21.6227432687078,116
40,5,0.012632605593472,0.00056667733269568,23.5188964111227,110
40,6,0.00985202553014925,9.31752684225832e-05,20.732697636625,117
41,1,0.429202978299351,0.00015963859612607,30.868736712271,116
41,2,0.0535198615633575,0.00010480914541299,29.1621976470577,117
41,3,0.0709909593083662,0.000610597255448607,22.0547336767302,117
41,4,0.0262203724792663,0.000331500322045142,22.2366992776037,117
41,5,0.0582421589884734,0.00043709432651079,23.9667972886038,102
41,6,0.0366244963116844,0.000172423226117004,20.3486441796175,114
42,1,0.335733330348714,0.000321458719205717,28.5375940666672,115
42,2,0.000476623716379857,0.000123649529875919,28.311859419495,117
42,3,0.0451649983208675,0.000175305262192377,28.734983898286,114
42,4,0.0465937314510996,0.000299963265473107,23.5991801738594,114
42,5,0.105119132788623,0.000748441861596903,28.7657184494681,109
42,6,0.0258042867754369,0.000140323396836436,21.9776252053239,115
43,1,0.37879715951498,6.54722493837097e-06,21.1266261483432,114
43,2,0.0670320141828729,0.000280880199409696,17.1764236655767,116
43,3,0.119810424158759,0.000462619813305648,15.8949398749889,115
43,4,0.0951571517582623,0.000152566838071735,15.6494884936532,111
43,5,0.0884391041543319,0.00109790240020822,17.7368739867979,114
43,6,0.0278532243790931,0.000109725439145084,17.6488190901514,114
44,1,0.174101760544242,0.000536871754895422,21.1842854584076,110
44,2,0.0351040439282747,0.000716015466023761,19.126744567776,119
44,3,0.000778243243236418,0.000666497290336354,14.7363669639737,115
44,4,0.0403790881776762,0.000161442562376433,13.7182425198431,114
44,5,0.00104925763032776,0.00106874511335262,16.1191463458618,110
44,6,0.024735342600794,0.000149256750837328,13.9938107343632,115
45,1,0.470484867127949,0.000369767377503741,21.8692658417906,116
45,2,0.0925722201670094,0.000220219444870623,17.6828565919054,114
45,3,0.0424020256636163,3.21670864474955e-05,20.3377990305775,115
45,4,0.0741812106368919,5.40248962755532e-05,21.1121038798587,113
45,5,0.0708840684207055,0.000162664802073348,20.9384699991437,112
45,6,0.000488550846712378,0.000237993848174836,21.1145248517027,114
46,1,0.675794270572231,0.000640148318282987,27.6878269388491,111
46,2,0.256335145021115,0.000363149019741548,27.9881793662205,108
46,3,0.396704709584975,0.000349525257927215,19.1867995933891,107
46,4,0.268912972425764,0.000204245054588371,18.9634088944428,107
46,5,0.263564120852342,0.000349673478405164,21.7976635181056,110
46,6,0.167284961757907,0.000305527368991529,26.5937024267868,105
47,1,0.372633978021105,0.000244235526694998,55.0781322894896,114
47,2,0.181581542819562,3.7860985414119e-05,28.6621821619074,116
47,3,0.175475812261548,0.000329238908209374,23.9523027848828,114
47,4,0.171064402226095,0.000155332257615467,22.2590693799256,115
47,5,0.36537352069291,0.00100557436558352,23.8105647490929,113
47,6,0.173449244672419,0.000249082203886115,25.9656631619307,112
48,1,0.490864505531481,0.000322060707672418,16.1745270770776,120
48,2,0.150648129057014,0.000276808430362539,15.3386086328073,115
48,3,0.0485393475870316,0.000274715264888537,15.2349258230148,115
48,4,0.0318456634188753,4.32056751213305e-05,15.898884178942,111
48,5,0.097488392692118,0.000587087865162117,18.5707085333714,107
48,6,0.023930325205279,0.000737396696288101,16.5293411565167,116
49,1,0.294953357333848,0.00043097174677436,25.3896160372005,114
49,2,0.0989280431656495,7.67773891516255e-05,23.4663010289355,111
49,3,0.0354733950860866,0.000151808675145212,20.8614364249354,116
49,4,0.044248671072645,0.00028715231805719,19.9550528988208,113
49,5,0.191851589206927,0.000800234136628463,19.7703812978682,114
49,6,0.0626109049056187,0.000235874730056208,24.7129156553298,116
50,1,0.378581412335612,0.000221113994158832,21.7419015503273,110
50,2,0.068026655505953,0.000417401330726137,19.8970058561309,114
50,3,0.00198211945277556,0.000158254082454869,20.7822772139651,119
50,4,2.24514532609892e-06,0.000645701653347817,21.1703746467114,114
50,5,0.0472675989681285,0.000239307230325569,16.2518762808843,113
50,6,0.0323109712515529,0.000377618779464009,15.4223495280622,113
51,1,0.158887730960131,0.000113418868233035,29.209763716507,119
51,2,0.000149475909862296,0.000987999304737199,24.0937344125707,118
51,3,2.18698092478667e-05,3.96585844735734e-05,22.3194994138965,114
51,4,0.0183504851620978,9.03120004726271e-05,21.3580655141267,114
51,5,0.012790477637868,7.59371328061249e-06,20.1254484449208,105
51,6,0.00632553307157632,0.000266713629074196,19.9126551456009,114
52,1,0.342203204682964,0.000218785790760208,22.6171500096747,115
52,2,0.0186080312069194,0.000150271727063336,16.9412779523833,111
52,3,0.00282304659607647,0.0012852862187886,15.536441563552,116
52,4,0.0150761996782647,0.000136346995988676,15.3766183380131,117
52,5,0.085573259952586,0.000940285975457359,15.0704719096739,110
52,6,0.0112630915892098,0.000265715117612087,14.4107427054757,115
